"id","second_description","id_desc_id"
"020443","لحم ضاني مفروم","02044300"
"1","خيول من أصل عربي","01012100"
"10","أنواع أخرى من لحوم البقر منزوعة العظم ، مفرومة ، غير مطبوخة ، مجمدة ، مخصصة للمعالجة الصناعية ، معبأة في أكياس 15 كجم # لحم بقري مجمد مسحب. الفشار (الجانب الداخلي والأمامي للوحة). تأتي في أكياس بلاستيكية بوزن 650 جراماً بوزن متوسط ​​(يتراوح بين 500 و 800 جرام حسب القطعة) مصممة للاستخدام الغذائي.","02023000"
"100","حبش#محضرات طعام من لحم الديك الرومي والخضروات ، تحتوي على 20-25٪ من لحم الديك الرومي ، ومعبأة للبيع بالتجزئة","16023100"
"101","تحضير الطعام ، من نوع الباييلا ، يعتمد على الأرز ولحم الدجاج وبلح البحر ، معبأ للبيع بالتجزئة في صينية بلاستيكية محكمة الغلق","16023200"
"102","بورك كرانش - نكهة لحم الخنزير المقدد. كرانش بنكهة لحم الخنزير المقدد. منتج طبيعي مصنوع من شطف رجوع البورسلين ، مطبوخ على درجات حرارة محددة بمزيج من التوابل","16024900"
"103","مكمل غذائي على شكل مسحوق لحم (كلوي) في كبسولات. المنتج متوفر في عبوات التجزئة / علب بلاستيكية من 180 كبسولة 450 ملغ لكل منها. وبحسب ما ورد تحتوي على مسحوق كلية اللحم البقري المجفف المبستر المجفف. يتكون غلاف الكبسولة من هيدروكسي بروبيل ميثيل سلولوز (HPMC) # محضر طعام من بلانكيت من نوع لحم العجل ، يحتوي على أكثر من 20٪ لحم ، معبأ للبيع بالتجزئة","16025000"
"104","سكر بني منكه","17019100"
"105","السكروز نقي 100٪ أبيض وعديم الرائحة # سكر البنجر الأبيض ، على شكل مسحوق بلوري أبيض ، لا يحتوي على تلوين أو نكهة ، مخصص للاستخدام كسواغ في صناعة الأدوية. # سكر نبات ( قند ) غير ملون ولا معطر","17019900"
"106"," قطر صناعي ","17021900"
"107","قطر صناعي","17023000"
"108","قطر صناعي","17024000"
"109","كريم كراميل #صلصة كراميل #معجون الكراميل  سوائل سكرية#سكر الفواكة#عسل صناعي # مالتوز وإن كان نقيا كيميائياً # سكروز غير نقي كيميائياً # فركتوز غير نقي كيميائيا # سكر محروق ( كاراميل )","17029000"
"11","لحم بطن الخنزير الطازج من الأنواع المحلية ، أصلع متنوعة ، مقدمة منفصلة ، ملفوفة ومعبأة بالتفريغ. مصممة للاستخدام الغذائي # لحم الخاصرة لحم الخنزير الأيبيري الطازج ، منزوع العظام والمغذى من البلوط من الأنواع المحلية ، أصناف خالية من الشعر ، مقدمة بشكل منفصل ، ملفوفة ومعبأة بالتفريغ. مصممة للاستخدام الغذائي # اللحوم الطازجة -اللحوم السرية-خدود طازجة -لحم سحلية طازج-لحوم ضلوع طازجة) الخالية من العظم من الخنازير الأيبيرية التي تتغذى على البلوط ، من الأنواع المحلية ، متنوعة خالية من الشعر ، مقدمة بشكل منفصل وموجز.معبأة بالتفريغ. مصممة للاستخدام الغذائي","02031900"
"110","سكاكر حلاوة ، دروبس ، وملبسات سكرية # حلاوة توفي، راحة الحلقوم ، ذوجا (حلاوة لبنية ) # ملبس على لوز وفستق ومايماثله وأصناف الأثمار القشرية المهروسة مع السكر ( مرزيبان) وما يماثله # هلام الفواكه و عجنها ورب السوس، المهيأة كمصنوعات سكرية # سكاكر السعال ( الكحة ) # #مسحوق شوكولاته ساخنة حلاوة طحينية # بودرة السكاكر تحتوي نكهة الفواكه # شوكولاته بيضاء محتوية على كحول #سائل الشوكوالاته البيضاء","17049000"
"111","شوكولا بزبدة نباتية سادة - شوكولا بزبدة نباتية مهدرجة + زبدة الكاكاو # مساحيق تحضير الأيسكريم ، محتوية على كاكاو # منتجات سكرية (حلاوة - سكاكر ) محتوية على كاكاو # هوت شوكليت بشكل مسحوق #صلصة شوكولاته الموكا#نسكافيه اوريجينال #قهوة فورية مع مبيض#بودرة شراب الشوكولاتة#شراب البندق","18062000"
"112","شوكولا زبدة الكاكاو ومحشية بكريمة - الشوكولا بزبدة نباتية محشية ","18063100"
"113","شوكولا بزبدة الكاكاو وسادة غير محشية","18063200"
"114","كريم بودنغ الشوكولاتة القابل للخبز # منتج وجبات خفيفة من الذرة المقلية # كعكة الأرز # حلوى التابيوكا##مسحوق شراب الشعير#خليط الكاكاو الساخن","19019090"
"115","مكرونة وشعيرية وأصناف مماثلة كالسباغيتي والكاتيلوني # شبس مصنوع من دقيق البطاطا  بشكل مكرونة ؛ غير جاهزة#عجائن غذائية مجمدة
والعجائن التي بشكل اصداف","19021100"
"116","نودلز دقيق العدس - نودلز دقيق الحمص # قش الشرب الصالح للاكل مصنوع من  دقيق الأرز المعالج حرارياً ونشا التابيوكا # باستا نيئة جافة بأشكال مختلفة يتم الحصول عليها من دقيق الأرز # معكرونة مصنوعة من البطاطا الحلوة ، على شكل نودلز مجففة ، غير مطبوخة ، مهيأة للبيع بالتجزئة  ","19021900"
"117","رقائق الذرة ( كورن فليكس ) وما يماثلها","19041000"
"118","بسكويت سادة # بسكويت مغطس بالشوكولا","19053100"
"119","بسكويت مغطس بالشوكولا #خبز عادي ( عيش ) بأنواعه # خبز الدابوق المعد لمرضى السكر # فطائر ، بما فيها فطائر ( البيتزا ) # حلويات شرقية ( كنافة ، بقلاوة  وما يماثلها ) # كيك ، جاتو وما يماثله # برشام من النوع المناسب للاستعمال الصيدلي # رقائق الختم # خبز البرتزيلز # الخبز غير المخمر أو الماكزوس # بسكويت عادي وإن كان مملحا","19059000"
"12","قطع اللحم المجمدة منزوعة العظم الناتجة عن التقليم الميكانيكي لألحم الخنزير والمخصصة لصناعة الأغذية لتصنيع اللحوم المعالجة أو الأطباق القائمة على اللحوم","02032900"
"120","مخللات مشكلة ( طرشي ) # فلفل اخضر محفوظة بالخل او حمض الخليك # زيتون وقبار  محفوظة بالخل او حمض الخليك # طماطم  محفوظة بالخل او حمض الخليك  # فطر وكمأة ( فقع )  محفوظة بالخل او حمض الخليك","20019000"
"121","دبس بندورة # هريس ( معجون  ) البندورة","20029000"
"122","فول مدمس # خضر وبقول بالصلصات # ملفوف مخمر (شوكورت) # ورق العنب محضر # بالميتو","20059990"
"123","خبيص ( مرملاد )","20079100"
"124","قمر الدين # ملبن ( من لب الزبيب ) # مربى وهلام الخوخ # مربى وهلام المشمش # مربى وهلام التفاح # مربى وهلام الكرز # مربى وهلام البطيخ # مربى وهلام الفراولة  # مربى وهلام التوت","20079990"
"125","زبدة  الفول السوداني # فول سوداني محمص وإن كان مملحا","20081100"
"126","لوز محمص وإن كان مملح # فستق  محمص وإن كان مملح  # بندق  محمص وإن كان مملح ","20081900"
"127","دبس تمر# ايش كوفي#شراب بذور الريحان","20098990"
"128","مستخلص قهوة مجمدة # روح القهوة # مركز القهوة ","21011100"
"129","قهوة فورية مع كريمر","21011200"
"13","حمام بري، حجل، تدرج، الفري (سمان)، دجاج الأرض، شنقب، قطا، أرطلان وبط بري: طازجة أو مبردة أو مجمدة","02089000"
"130","الخميرة","21021000"
"131","الخميرة","21022000"
"132","خميرة الألزاس","21023000"
"133","دبس فليفلة  # مايونيز # صلصة حارة # ملح الكرفس","21039000"
"134","مساحيق لصنع قشدة المائدة#منفشات  أو كريم شانتيه","21069010"
"135","ليموناضة # شراب الفاكهة #  مشروب غازي عصير التفاح معروض للبيع بالتجزئة # مشروبات غير كحولية وغير غازية معبأة للبيع بالتجزئة ومبستر # عصير ليموناضة مكربنة # مشروب قهوة غير محلى معالج بالحرارة","22021000"
"136","مشروب بروتين الصويا يحتوي على الكاكاو # مشروب بروتين الصويا المنكه # مشروب غير كحولي يعتمد على المكسرات الواردة في الفصل 8 ، بدون سكر مضاف ، ومعبأ للبيع بالتجزئة # مشروب نباتي غير كحولي بنكهة قهوة الكابتشينو يعتمد على حليب جوز الهند وماء جوز الهند مع سكر جوز الهند المضاف وخلاصة القهوة ونكهة الكابتشينو ومستحلب (E 473) ومثبتات (E 407 ،E412 ) مبستر.","22029900"
"137","عَرَق ( بطحة -  اكسترا - محجر - نصية ) # بيرة ( زجاج - علب معدنية - كحولية )","22089000"
"138","المتممات العلفية","23012000"
"139","كسبة فول الصويا","23040000"
"14","يتم تقديم لحم الخنزير المقدد من الأنواع المحلية ، أصلع ، بشكل منفصل ، على شكل ومجمد عند الاقتضاء. يتم تقديمه طازجًا ومعبأ بالتفريغ للتجميد لاحقًا. مصممة للاستخدام الغذائي # دهن وجلد الخنزير الطازج من الأنواع الداجنة ، من النوع الخالي من الشعر ، يتم تقديمه بشكل منفصل ، على شكل ومجمد عند الاقتضاء ، غير مذاب أو مستخرج بطريقة أخرى. تأتي طازجة ومعبأة بتفريغ الهواء ومجمدة مصممة للاستخدام الغذائي ","02091000"
"140","المتممات العلفية","23061000"
"141","زيوت محركات وزيوت صناعية وتشحيم","27101990"
"142","زيوت محركات وزيوت صناعية وتشحيم","27102000"
"143","نيلة طبيعية","32030000"
"144","النيلة التركيبية","32049000"
"145","الطلاء العاكس المعد لصناعة السخانات الشمسية","32081000"
"146","الطلاء العاكس المعد لصناعة السخانات الشمسية","32082000"
"147","ألوان لتعديل تدرج الألوان","32131000"
"148","معاجين اساسها الزجاج الذواب المستعملة لختم شموع الإشعال ولمنع تسرب السوائل في أجسام المحركات والعوادم ومبردات المياه في السيارات ولتعبئة بعض الفواصل # معاجين أساسها أوكسي كلوريد الزنك المستعملة لمعجنة الخشب و المواد الخزفية وغيرها من المواد # معاجين أساسها أوكسي كلوريد المغنيسيوم المستعملة لسد الشقوق في المصنوعات الخشبية# معاجين أساسها الكبريت المستعملة كمواد سد قاسية ولتماسك القطع في موضعها # معاجين أساسها المواد البلاستيكية المستعملة لمنع تسرب السوائل في بعض الفواصل ولتسوية سطوح الأرضيات #  معاجين أساسها أكسيد الزنك والجلسرين المستعملة لصنع مواد تغطية متحملة للحوامض أو لتثبيت قطع معدنية على مصنوعات البورسلان أو لوصل الانابيب #  معاجين اساسها المطاط المستعملة ، بعد أضافة مقسي ، لصنع مواد تغطية واقية مرنة كما تستعمل لجلفطة السفن # شمع الاختام المركب المستعمل لسد التجاويف ولمنع تسرب السوائل من أوعية الزجاج ولختم المستندات # معاجين الحشو لإعداد الأسطح للطلاء بتسوية البروزات وحشو  الشقوق والثقوب ويوضع عليها الطلاء بعد جفافها وصقلها","32141000"
"149","حبر للكتابة والرسم # حبر للنقل أو النسخ # الحبر المعد للأقلام ذات الريشة الكروية # الحبر المعد للآلات الناسخة # الحبر للأختام # الحبر لأشرطة الآلات الكاتبة $ الحبر المعد للترقيم # الحبر السري","32159000"
"15","لحم خنزير مخلي ، مملح ، غير مطبوخ ، بنكهة الأعشاب والبهارات. هذا لحم الخنزير مخصص للاستهلاك الآدمي وهو معبأ بتفريغ الهواء. متوسط ​​الأبعاد: 480 مم (طول) × 180 مم (عرض) × 45 مم (ارتفاع). متوسط ​​الوزن: 3.5 كجم # بطن لحم الخنزير جاف ومدخن فوق خشب الزان ، ومعبأ للبيع بالتجزئة في شرائح 2.8 كجم ","02101200"
"150","دهن العود","33013000"
"151","ماء كادي # ماء ورد # ماء زهر # ماء تفاح ","33019000"
"152","ماء كولونيا","33030000"
"153","ملمعات وطلاء الأظافر # مزيلات طلاء الأظافر","33043000"
"154","بودرة الأطفال","33049100"
"155","خل للزينة # محضرات وقاية الجلد من الشمس # محضرات تطرية الجلد # محضرات لطلاء الوجه ومعاجين ومحضرات نزع الطلاء","33049900"
"156","زيوت الشعر # كريم الشعر # محضرات صبغ الشعر","33059000"
"157","معاجين الأسنان # منظفات الأسنان الاصطناعية","33061000"
"158","محضرات غسل الفم وتعطير رائحته # محضرات تثبيت الأسنان الاصطناعية ","33069000"
"159","فحم منشط لإزالة الروائح داخل الثلاجات و السيارات ","33074900"
"16","لحم الخنزير من نوع لحم الخنزير المقدد على شكل شرائح مدخنة من جلد الحيوان. المنتج مجمد ومملح للحفظ # لحم الخنزير وقطع لحم الخنزير من أنواع الخنازير ، مملحة ، مجففة ، منزوعة العظام ومقدمة كاملة ، على شكل قطع أو شرائح ، منزوعة العظم. تباع المنتجات تحت الشبكة أو مغلفة بالبلاستيك. لا يشمل هذا BTI لحم الخنزير العظم. ","02101900"
"160","محاليل تعقيم العدسات اللاصقة والعيون الاصطناعية","33079010"
"161","سوائل تنظيف الاطباق والارضيات و سوائل تنظيف الحمامات - بودرة مساحيق تنظيف الاطباق ( جلايات)","34023900"
"162","محضرات غواسل ( مثل الكلوركس) # محضرات غسيل: مساحيق جافة ( مثل التايد)","34025000"
"163","مساحيق الغسيل( للغسالات الآلية - الغسالات العادية ) # مطريات الغسيل ","34029000"
"164","محضرات التشحيم المعدة لتخفيف الاحتكاك # زيوت و شحوم السحب # زيوت القواطع # محضرات حل البراغي والصواميل # محضرات مضادة للصدأ أو التأكل","34031900"
"165","شمع أختام ","34049000"
"166","محضرات تلميع الزجاج والمرايا # محضرات تلميع المعادن ","34059000"
"167","النشاء الذي سبق تهليمه (جلتنته) أو النشاء النافش# النشاء المعالج بالأثير أو بالأستيرات # النشاء القابل للذوبان "" أميلوجين""","35051000"
"168","أنفحة العجول","35071000"
"169","محضرات أنزيمية لتطرية اللحوم # محضرات أنزيمية لتنقية عصير الفواكه # محضرات أنزيمية لإزالة النشاء من الأقمشة # الأنزيمات البنكرياسية # أنزيم الهضمين "" بيبسين "" # أنزيمات الشعير الناشط "" مالت""","35079000"
"17","الدجاج المدخن بشكل طبيعي. للاستهلاك الآدمي. صدور الدجاج في عبوات البيع بالتجزئة #  دجاج غير مدخن. من صدر دجاجة (دجاج فقط). #  لحوم وأحشاء صالحة للأكل ، مملحة ، في محلول ملحي ، مجففة أو مدخنة ؛ وجبة من لحوم أو مخلفاتها صالحة للأكل ، بما في ذلك دقيق صالح للأكل من لحوم أو مخلفاتها: من حيوانات الأبقار","02109900"
"170","ألعاب نارية خاصة بالأطفال # ألعاب  نارية خاصة بالمهرجانات والاحتفالات","36041000"
"171","أحجار قداحات","36069000"
"172","مواد التظهير ( التحميض) # مواد التثبيت # مواد التقوية ومواد التخفيف # مواد التحويل # مواد التنظيف ","37079000"
"173","مخاليط جرافيت مع زيوت معدنية","38019000"
"174","محضرا تثبيت كي الملابس ( مثل مريتو)","38091000"
"175","ملطف أقمشة ومناشف ( مثل لينور )","38099100"
"176","حبيبات بلاستيكية","39011000"
"177","عدد ولوازم الكهرباء والتمديدات الكهربائية","39169000"
"178","أدوات صحية وأصناف صناعة الحنفيات وأقفال واكسسوارات بناء","39173100"
"179","أدوات صحية وأصناف صناعة الحنفيات وأقفال واكسسوارات بناء","39173900"
"18","سلمون أطلنطي طازج (سالمو سالار)","03021400"
"180","أشرطة اللاصقة وعبوات التغليف","39191000"
"181","أشرطة اللاصقة وعبوات التغليف","39199000"
"182","أشرطة اللاصقة وعبوات التغليف","39206300"
"183","أشرطة اللاصقة وعبوات التغليف","39211100"
"184","أشرطة اللاصقة وعبوات التغليف","39211300"
"185","أشرطة اللاصقة وعبوات التغليف","39211400"
"186","أشرطة اللاصقة وعبوات التغليف","39211900"
"187","أدوات صحية وأصناف صناعة الحنفيات وأقفال واكسسوارات بناء","40092200"
"188","(ورق بتنسيق A4 )يبلغ وزن المتر المربع أقل من 150 جرام وأكثر من 80 جرام","48026200"
"189","طباخ# افران طبخ# شوايات#كوانين","73211100"
"19","زهرة الرأس (Kingklip) من فصيلةGenypterus Capensis ","03028900"
"190","مروحة سقفية (غطاء بلاستيك 56 انش ) #  مروحة سقفية صناعية ( غطاء معدني 56 انش) #  مروحة جدارية( 16 انش - 18 انش) #  مروحة صندوقية (12 انش - 14 انش - 16 انش - 18 انش - 20 انش ) # مروحة مكتبية ( 14 انش - 16 انش ) ","84145100"
"191","ساحبة هواء (جدارية  - سقفية - نافذية )","84146000"
"192","مكيفات # مكيف جداري قطعتين (بارد وساخن)","84158100"
"193","برادات","84182900"
"194","مجمدات من 5 الى 15 قدم # مجمدات اكبر من 15 قدم","84184010"
"195","عبوة فلتر لمبرد مياه","84212110"
"196","الغسالات الالية ذات التعبئة الامامية # الغسالات ذات الحوضين","84501900"
"197","ضأن أصيلة للأنسال وغيرها  # أغنام أصيلة للأنسال وغيرها#غنم","01041000"
"198","ماعز أصيلة الأنسال وغيرها","01042000"
"199","آمو ( درومايوس وفيهولنداي )","01063300"
"2","خيول للرياضة # خيول صغيرة الجسم ( بوني )","01012900"
"20","اسماك السلمون الأطلسي - جادوس مورهوا","03039900"
"202","سالموتروتا، أنكور هينوكس ميكيس، أنكور هينوكس كلاركي، أنكور
هينوكس أجوابونيتا، أنكور هينوكس جيلاي أنكور هينوكس أباشي، أنكور هينوكس
كريزوجاستر","03019100"
"203","سيرينوس كاربيو . كراسيوس كراسيوس . استينوفارينجودون إيدلوس.  
هيليبوفثاليميكيش . من نوع سيريهينوس . ميلوفارينجودون بيسوس","03019300"
"204","سالموتروتا، أنكور هينوكس ميكيس، أنكور هينوكس كلاركي، أنكور
هينوكس أجوابونيتا، أنكور هينوكس جيلاي، أنكور هينوكس أباشي، أنكور هينوكس
كريزوجاستر","03021100"
"205","اأنكور هينوكس نكرا، أنكور هينوكس غوربشا، أنكور هينوكس
كيتا، أنكور هينوكس تشاوتشا، أنكور هينوكس كيسوتش، أنكور هينوكس ماسو، أنكور
هينوكس رودورس","03021300"
"206","رينهاردتيوس هيبوجلوسودايس، أو هيبوجلوس هيبوجلوس،
هيبوجلوسوس ستينوليبيس","03022100"
"207","سمك بياض حمام وخضره وصال - سمك زبيدي- غيرها","03024500"
"208","سمك قد أزرق (ابيض أزرق) مايكروميسيستوس, بوتاسو, مايكروميسيستوس
أوستراليس","03025900"
"209","تقاوي للزرع","07011000"
"21","شرائح مقطعة (بدون بطن وذيل مشذب) ، قطعتان لكل سمكة ، من أنواع الأسماك الحمراء النرويجية (Sebastes spp.) ، تقدم طازجة أو مبردة.","03044900"
"211","بصل للبذار قزح أو قنار  #  بصل للطعام أخضر أو يابس القشرة # البصل المجفف","07031000"
"212","قرنبيط ور,وس بروكلي","07041000"
"213","كرنب بروكسل","07042000"
"214","قريش #  قريشة","04041000"
"215","فطر من جنس اجاريكوس #كمأ فقع","07095100"
"216","ثمرة القورو","08027000"
"217","زبيب","08062000"
"218","بطيخ اخضر","08071100"
"22","شرائح الهامور ","03049900"
"220","توت الأرض فريز أو فراولة","08111000"
"221","غير مجروشة ولا مسحوقة","09103000"
"222","شوفان أشهب أو أسود #شوفان أبيض أو أصف","10049000"
"223","ذرة صفراء ذهبية#ذرة بيضاء#ذرة سمراء","10059000"
"228","سوليا","03022300"
"229","بيستا
ماكسيما.","03022400"
"23","حليب بقري منزوع الدسم UHT بنسبة دهون 0.3٪ # الحليب السائل وغير المجفف","04011000"
"230","ثونوس
الألونجا","03023100"
"231","سمك هوشع (بلورنكتس بلاتيس","03022200"
"232","ثونوس البكارس","03023200"
"233","ثونوس، أوبسوس","03023400"
"234","من نوع أوريوكروميس","03027100"
"235","من أنواع
بانجاسيوس# سيلوروس# كلارياس
ايكتالوروس","03027200"
"236","ثعبان البحر#انجويلا","03027400"
"237","سمك سيبريم #شعوميات مثل
شعم#سبيطي# نهاش#فسكر#قرقفان#
كوفر#سباريداي","03028500"
"238","سمك سلورمن أنواع
بانجاسيوس#سيلوروس# كلارياس #ايكتالوروس","03032400"
"239","سمـك شبـوط ( من أنواع
سبرينوس، كاراسيوس كاراسيوس،
ستينوفارينجودون، آيدلـوس و من
أنواع هيبوفثالميكثيس و سيرهينـوس
و ميلوفارينجودون بيسوس،و من
أنواع كاتلا كاتلا و لابيو،
أوستيوكيلوس هاسلتي، لبتوباربوس
هوفيني و ميجالوبرام","03032500"
"24","حليب بقري نصف منزوع الدسم UHT # حليب أبقار مبستر منزوع الدسم.محتوى الدهون أقل من 1٪ من حيث الوزن ويستخدم في غذاء الإنسان. # حليب أبقار مبستر شبه منزوع الدسم. محتوى الدهون أكبر من 1٪ من حيث الوزن ولكن أقل من 3٪ . # حليب نصف منزوع الدسم UHT من الماعز. يتم استخدامه لغذاء الإنسان. نسبة الدهون من حيث الوزن 1.6٪ . # الحليب مع العناصر النزرة والفيتامينات المضافة. تم تقديم معلومات عن التركيب والعرض ، والتي بموجبها يتكون المنتج من حليب كامل الدسم وكميات صغيرة من فيتامين D3 والعناصر النزرة من الحديد والزنك ويتم تقديمها في عبوات سعة 200 مل لكل منهما. دهن الحليب: أكثر من 3٪ ولكن ليس أكثر من 6٪ (كما هو محدد) حليب غير مركز ولا يحتوي على سكر مضاف أو مواد تحلية أخرى ، بمحتوى دهن لبن يزيد وزنه عن 3٪ ولكن لا يزيد عن 6٪ في عبوات فورية من 2 لتر أو أقل  # حليب بقري كامل الدسم UHT مع نسبة دهون تصل إلى 3.6٪ # حليب بقري كامل مبستر. محتوى الدهون أكبر من 3٪ من حيث الوزن وأقل من 6٪","04012000"
"240","ثعبان البحر#انجويلا","03032600"
"241","سمك قفندر رينهار دتيوس هيبو
جلوسودايس، هيبو جلوسوس
هيبوجلوسوس، هيبوجلوسوس ستينو
ليبيس","03033100"
"242","سمك قد (جادوس موروا أو
جادوس أوجاك وجادوس
ماكروسيفالوس)","03036300"
"243","سمك الحدوق (ميلانوجراموس
(إيكلفينوس","03036400"
"244","بولاكيوس فيرنس","03036500"
"245","سمك الاسكا بولاك ثيراجا
كالكوجراما","03036700"
"246","أبيض أزرق 
مايكروميسيستوس،بوتاسو
مايكروميسيستوس أوستراليس","03036800"
"247","سلطعون، أو قبقب","03061400"
"248","جاج من نوع جالوس
دوميستيكوس","04072100"
"249","زيت خام","15121100"
"25","كريمة الطهي # كريم UHT يتم الحصول عليه من حليب البقر بالطرد المركزي ، مع محتوى دهون الحليب بنسبة 21٪ من حيث الوزن ولكن لا يزيد عن 45٪ من حيث الوزن ؛ تخضع لعملية التعقيم UHT ","04014000"
"250","مصافي زيت للسيارات - فلاتر زيوت للسيارات","84212390"
"251","من اصل نباتي","15180020"
"252","سبيدج","16055400"
"254","سجائر إلكترونية
محتوية على النيكوتين
للاستخدام الواحد","24041200"
"255","سمن بقري#سمن اغنام#سمنالماعز","04059010"
"256","# من لبن الأبقارGhee))زيت منزوع مأوه   
زيت زبد مستحصل عليه باستخلاصالماء
من لبن الجاموسGhee))زيت منزوع مأوه
خليط من الزبده مضاف عليه مضاف عليه
اعشاب
خليط من الزبده مضاف عليه مضاف عليه توابل
خليط من الزبده  مضاف عليه
منكهات
خليط من الزبده مضاف عليه مضاف عليه ثوم
خليط من الزبده مضاف عليه عفلفل
اخضر
خليط من الزبده مضاف عليه فلفل بصل","04059090"
"257","اجبان مسحوقه قليلة الدسم #اجبان مسحوقه#اجبان مبشورهقليلةالدسم#اجبان مبشوره منزوعةالدسم#اجبان مسحوقه منزوعة الدسم","04062000"
"259","نشاء حنطة(قمح)فاخر# نشاء حنطة (قمح)وطني (محلي)","11081100"
"26","مسحوق حليب الماعز منزوع الدسم ، موحد مع اللاكتوز ، بمحتوى بروتيني في المواد الصلبة اللبنية الخالية من الدسم أكبر من 34٪ ، ومحتوى دهني لا يتجاوز 1.5٪ # حليب بودرة مجفف","04021010"
"260","مواد عازلة اسفلتية #رقائق عازلة اسفلتية# مستحلب مائي اسفلتي مطاطي","27149000"
"261","جبصين","25201000"
"263","المحضرات المضادة للصدأ
إضافات لتصليدالورنيش أوالغراء","38249900"
"264","غيرها من بوليمرات أكريليه ،بأشكالهاالأولية","39069000"
"265","غيرمبيض","48045100"
"266","ملونة رخامي في العجينة#ملمس#ملمع#مصقول","48045900"
"267","طاقات صعود الطائرة غير مطبوعة  بطاقات تاقات لحقائب الشحن غير مطبوعة","48239090"
"268","ألياف تركيبية غيرمستمرة وغيرمندوفة ،من
بوليثيلين  
لياف تركيبية غيرمستمرة وغيرممشطة ،من
من بولي ثيلين
ألياف تركيبية غيرمستمرة وغيرمحضرة للغزل ،
من بولي ثيلين","55039000"
"27","حليب بودرة مجفف","04022110"
"270","بسط ""شوماك"" ، يدوية النسيج","57021000"
"271","سجاد صلاة من صوف ،مخملية، جاهزة
سجاد أرضيات من صوف ،مخملية، جاهزة","57024900"
"272","سجاد بمربعات لاتتجاوز مساحةسطحها عن
0.3م 2من وبر حيواني
أغطيةأرضيات بمربعاتلاتتجاوز مساحة
سطحها عن 0.3م 2من صوف","57049000"
"273","أشرطة لاصقة بعرض لا يزيد عن 20 سم","59061000"
"274","احجار تبليط من جرانيت ومن رخام","68010000"
"275","مكعبات فسيفساء وان كانت علي حامل من
 مرمر او رخام","68022100"
"276","الواح وصفائح زجاج مسحوب
#الواح وصفائح زجاج منفوخ","70042000"
"277","لسدادات النافئة والحارقات والأجزاءالمماثلة للأفران
 الحوامل النارية الخزفية
اللوازم الأخرى للقمائن والأفران لسندأوفصل
الخزف أثناءالمعالجةالنارية.
لقضبان الناريةالخزفية
حوامل البوادق
المصنوعات المماثلة للإستعمال","69039000"
"278","صناديق (كبائن) تثبت ضمن جدران المنشآت لإحتواء أجهزة إطفاء الحريق أو أنابيب
المياه #وما يماثل ف كبيرة معدة للتجميع والتركيب الدائم في المحلات والورش والمخازن# زوايا ومرابط لربط بلاط الديكور في الأسقفط#سقالات ومنصات لوازم شد السقالات# درج سلالم# مطلات وقبب من حديد او صلب","73089000"
"279","مراوح طاولة ذات
محرك كهربائي مندمج
تتجاوز قدرته  125واط W
مراوح ترتكز على
الأرض ذات محرك
كهربائي مندمج تتجاوز
قدرته  125واط W","84145990"
"28","حليب بودرة مجفف","04022910"
"280","مصابيح المستخدمة في وسائط 
(النقل(السيارات، الطائرات،القطارات","85392100"
"281","كاميرات تلفزيونية عالية
السرعة فقط للمراقبة
الأمنية
غيرها من كاميرات عالية
 السرعة","85258100"
"282","كاميرات تلفزيونية #كاميرات رقمية للصور
أصناف مقاومة للإشعاع  كاميرات فيديو مقاومة أو متحملة للإشعاع","85258200"
"284","Lard","15011000"
"285","شحم الأمعاء (ودك)","15021000"
"286","زيت خام وإن نزع منه الجوسيبول","15122100"
"287","زيت خام","15141100"
"288","من دواجن# من خنزير أو دم حيواني#من فصيلة الأبقار","16010000"
"289","دردار","16055700"
"29","لبنة "" لبن مصفى "" # مخيض اللبن # الكشكة#الكريمة و القشدة الحامضة","04039000"
"290","الراكاهوت","19019010"
"291","محتوية على كاكاو","19042000"
"292","خبز مقرمش معروف بأسم (كناكروت)","19051000"
"293","جزر#بازلياء#فاصولياء# لوبياء#هيلون#سبانخ#بامياء#خضر مشكلة","20049000"
"294","تغذية الاطفال#للحمية#","20051000"
"3","دجاج بياض  #  دجاج لاحم  #  دجاج أمهات","01059400"
"30","جبن ابيض عكاوي#جبن ابيض منزوع الدسم#جبنة بيض كامل الدسم#جبن قريش#جبن موزاريلا#جبنة بيضاء عادية # جبن ابيض #جبن ابيض قليل الملح # جبن ابض بدون ملح #فيتا# جبن الريكوته#جبن ابيض حلوم","04061000"
"300","عصير برتقال مجمد","20091110"
"31","جبنة قشقوان  # جبنة حلوم  # جبنة دهن # جبنة مطبوخة - جبنة مطبوخة على شكل شرائح # جبن قشدة طازج مخمر #  جبن قاسي أو متوسط التقسية (مثل الشدر، الجودا، الجروير ، الباروميسان) # جبن أصفر نصف مصنع لا يقل وزن العبوة عن 15 كيلو جرام","04063000"
"32","بيض سلاحف # أعشاش السلنجان","04109000"
"33","ذبل سلحفاة (درق)، صفيحات فك الحوت (بما فيها الأهداب) أو غيره من ثدييات بحرية ؛ مساحيقها ونفاياتها # قرون وقرون مشعبة وحوافر وأظافر ومخالب ومناقير؛ مساحيقها  ونفاياتها","05079000"
"34"," روبيان مجفف من نوع Marcobrachium nipponense بدون اضافات مع حفظ اجزاء الجسم # برغوث الماء المجفف (اللؤلؤ) ، القشريات المائية الصغيرة ، بدون إضافات  # أسماك مجففة من فصيلة Hemiculter leucisculus (عائلة Cyprinidae) بدون إضافات # توبيفكس مجففة ، ديدان أنبوبية من مجموعة اللافقاريات المائية ، بدون إضافات  # أجنة قوارض مجمدة","05119100"
"35","دودة  القرمز والحشرات المماثلة # بيض دودة الحرير ( القز ) # بيض النمل ( المازن ) #  أوتار عضلات، أعصاب سلانه (جذاذ) وغيرها من نفايات مماثلة من صلال ( جلود غير مدبوغة) # مخاط الحلزون المجفف بالتجميد لاستخدامه كعنصر في صناعة مستحضرات التجميل # منتجات من أصل حيواني,مصنوعة من دقيق يرقات دودة الوجبة المجففة (Tenebrio molitor ) # يرقات الجندي الأسود المجففة. اليرقات مخصصة لطيور الحدائق والدجاج وهي مصدر غني للبروتينات. اليرقات غير صالحة للاستهلاك الآدمي # السائل المنوي للخنازير من سلالة Piétrain # منتجات حيوانية - نواة لحوم أبقار مجففة ، غير صالحة للاستهلاك الآدمي ، مخصصة للحيوانات الأليفة كمضغ ,لا تتم إضافة أي مواد مضافة أو مواد حافظة أثناء المعالجة. # المنتجات من أصل حيواني - ضروع لحم البقر المجفف (مقطوع) -( ذيول- رئتي - كبد - أنوف - مريء) لحوم البقر المجففة ، غير صالح للاستهلاك الآدمي ، مخصص للحيوانات الأليفة كمضغ,لا تتم إضافة أي مواد مضافة أو مواد حافظة أثناء المعالجة.","05119990"
"36","نبات المستنقعات الحية - نبات سيف ,Echinodorus grisebachii Bleherae # نبات المستنقعات الحية - أنوبياس بارتيري فار. نانا / شفرة سيف قزم ,Anubias barteri var. nana"" #  نبات حوض السمك, Nymphea lotur redلوتس النمر الأحمر # نبات اللؤلؤ الكوبي,Hemianthus callitrichoides Cuba"" # غرسات نخيل  # غرسات جوز الهند ","06012000"
"37"," جفون الكرمة ( عقل العنب ) ","06021000"
"38"," نبات مائي حيLysimachia nummularia 'Aurea نبات حوض السمك # طحلب الكريسماس Vesicularia sp # نبات مائي حي - سرخس سالفينيا-Salvinia auriculata  # نبات مائي حي ""Limnobium spongia-لدغة الضفدع في أمريكا الشمالية # حشيشة اللؤلؤ المستديرة الأوراقMicranthemum نبات مائي حي ","06029000"
"39","زهور اللافندر الزرقاء المجففة أو الزرقاء الفائقة (Lavandula angustifolia) ","06039000"
"4","جمال أصيلة للأنسال  # جمال للمسابقات الرياضية والمزاينة","01061300"
"40","مخاريط الصنوبر ، الطبيعية ، المطلية بالورنيش ، كل منها متصل بجذع بلاستيك ، مخصص لعمل باقات زخرفية. # الزهور المجففة (عشب البامبا)مناسبة لأغراض التجليد أو الديكور ","06049000"
"400","مساحيق لصنع هلام المائدة (جيلي)","21069020"
"4000","رخويات، ولو بقشرتها، مدخنة أو مجففة أو مملحة أو في محلول ملحي (باستثناء المحار والاسكالوب من أجناس البكتين أو الكلاميس أو البلاكوبكتين، وبلح البحر من نوع ميتيلوس، ومن نوع بيرنا، وأسماك الحبار والحبار، والأخطبوط، والأخطبوط، والقواقع) باستثناء القواقع البحرية، والمحار، والكوكل، والأصداف الفلكية، وأذن البحر والمحار الستروميبي)؛ دقيق وسميد وكريات من الرخويات، مدخنة أو مجففة أو مملحة أو في ماء مملح، صالحة للاستهلاك الآدمي","03079900"
"401","مساحيق لصنع الايسكريم","21069030"
"402","محضرات اساسها الزبدة او الدهون او الزيوت المشتقة من الحليب التي تستعمل في منتجات المخابز","21069050"
"403","(الاقراص الصالحة للاكل التي اساسها نكهات طبيعية أو اصطناعية (مثل الفانيلين","21069091"
"404","بيرة بدون كحول تحتوي على نكهة فواكة","22029000"
"405","تبغ مفروم أو مكبـوس للتدخين (فرط للسجاير اللف)#تبغ مفروم أو مكبوس للغلايين#تتنباك مفروم أو مكبوس مهيأ للبيع بالتجزئة","24031900"
"407","محاليل ملحية","25010000"
"408","طباشير مطحون معد للبناء","25090000"
"409","عقيق طبيعي#سنباذج#ترابة طرابلس#الحجر المتعفن# سنباذج صنفرة","25132000"
"410","جص للاستعمال في طب الأسنان","25199000"
"412","مات الجلفنة","26201100"
"413","ليجنيت مكتل","27022000"
"414","نورة","25223000"
"415","توبد كرود#بنزين طبيعي# مازوت#ديزل # الغازولين","27101200"
"416","آلات صرف التذاكر#آلات فرز قطع النقود وأوراق النقد وعدها وتغليفها#أجهزة بري الأقلام# أجهزة تثقيب الأوراق# آلالآت الصغيرة لشبك الأوراق (دباسة) أو فكها#الاجهزة الصغيرة لاتلاف المستندات السرية#صناديق النقد المسجلة بدون جهاز حاسب#أجهزة الصرف الألي ATM#","84729000"
"417","شاحنات صغيرة (وانيت) بيك أب بغمارة أو بغمارتين ، جاهزة","87042110"
"42"," خس ملفوف ( مكبب )","07051100"
"420","مصائد الأسماك# غلف الزجاجات#أقفاص العصافير وخلايا النحل والأصناف المماثلة#حقائب وصناديق السفر","46029000"
"422","وبر مندوف","51054000"
"4230","كتب مصورة للأطفال#فهارس المتاحف والمكتبات العامة #كتب مدرسية وجامعية#قرآن كريم (مصحف)","49019900"
"43","فول","07089000"
"430","أغطية اباريق الشاي #الوسائد الصغيره أربطة الاحذية#مهود الاطفال(بورت بيبي)#أقنعة الوجه للوقاية","63079000"
"431","شماغ مطرز #غتر مطبوعة على شكل شماغ غير مطرزة#طواقي#عقل#فولار#قبعات رأس","65050000"
"432","خوذ رجال الأطفاء#الخوذ العسكرية#خوذ راكبي الدراجات النارية#خوذ عمال الإنشاءات","65061000"
"433","أحواض إستحمام#مغاسل للأيدي #أحواض نافورات#مزهريات#أقداح وعلب#لوازم الكتابة وثقالات-- جرانيت","68029100"
"435","لوازم الأبواب والنوافذ مثل المقابض والأكر# الافتات والارقام والأحرف والشارات","69141000"
"436","مهيأة لمعدات النقل","70140010"
"438","- زجاج للساعات والمنبهات#زجاج للنظارات الشمسية والنظارات الواقية","70159000"
"439","لغاز الأكسجين#- لغاز الفريون#لغاز المواقد المنزلية#- لغيرها من الغازات","73110000"
"44","باميا #  بقدونس # كزبرة","07099900"
"441","فتحات المراقبة وأغطية البالوعات والأصناف المماثلة للمجاري#لوحات وسدادات مأخذ إطفاء الحريق#صناديق البريد العمودية#","73259900"
"442","واقيات الأحذية وإن كانت تضم أسناناً للتثبيت#مخالب التسلق على الأشجار#فتحات التهوية غير الآلية#ستائر معدنية#أطواق حزم البراميل#لوازم الخطوط الكهربائية#أعمدة السياجات#-أوتاد الخيام وأوتاد ربط البهائم#صناديق عدد#بيوت الأرانب وأقفاص الدجاج","73269000"
"443","اسفنجات و وسيدات وقفازات وما يماثلها من ألومونيوم#أطباق وصواني من رقائق الألومونيوم","76151000"
"444","أسلاك وكوابل كهربائية ، غير معزولة#","76141000"
"445","أفران طبخ#شوايات#كوانين","73211200"
"446","مسامير ومسامير تنجيد وصواميل وبراغي#أطر نوافذ للمنشآت#خزانات وخوابي وأوعية أخر # أدوات منزلية ومطبخ#أدوات صحية#نوابض سست","75089000"
"448","جسور ومقاطع جسور#أبراج وصواري شبكية#مظلات وقبب# درج (سلالم) ثابتة#فواصل جدران لعنابر المستشفيات #فواصل جدران لعنابر المستشفيات #بلاط أسقف للديكور#زوايا ومرابط لربط بلاط الديكور في الأسقف","76109000"
"449","علب للمشروبات الغازية وعصير الفواكة#علب لحفظ المأكولات#علب لحفظ المواد الكيماوية وزيوت التزييت","76129000"
"45","الهليون الأخضر المجمد # أوراق Ndolé مفرومة وغير مطبوخة ومجمدة # أوراق الكسافا ، غير مطبوخة ومقطعة ومجمدة # أوراق بطاطا حلوة مقطعة ومجمدة #  أوراق قطيفة غير مطبوخة ومقطعة ومجمدة أوراق حميض غينيا ","07108000"
"450","عوامات معدة لشباك الصيد من فلين #أجزاء وقطع منفصلة للآلات والأجهزة ومعدات النقل من فلين#أصناف السدادات#أقراص وحلقات لتبطين السدادات من فلين","45049000"
"451","زوايا وأشكال خاصة ، صفائح ، ألواح ، أوراق#أسلاك ، قضبان وعيدان#أنابيب ومواسير ولوازمها#أنابيب ومواسير ولوازمها#مصنوعات أخر من مغنيسيو م","81049000"
"452","فتحات المراقبة وأغطية البالوعات والأصناف المماثلة للمجاري#لوحات وسدادات # صناديق البريد العمودية#بيوت الأرانب وأقفاص الدجاج وخلايا النحل ومعالف الحيوانات","73251000"
"454","صفائح وعلب وغيرها من أوعية مماثلة للنقل والتعبئة#خزانات وخوابي غير مجهزة بأدوات آلية أو حرارية#الأقمشة والشباك #مسامير# أدوات منزلية#ادوات صحية-رقاع للنباتات والشجيرات غير المشتملة","79070010"
"455","كوبالت نصف خام (مات) ومنتجات وسيطة أخر","81052000"
"46","ذرة حلوة هجينة ، من الأنواع اللاتينية زيا ميس ، مخصصة للبذر # قطع جزر مجففة  # الثوم ، المجفف ، الحبيبات # مسحوق البروتين من الترمس الحلو المنبت","07129000"
"460","لصناعة العبي والمشالح","51122000"
"462","بيسموث ومصنوعاته ، بما فيها الفضلات والخردة","81061000"
"463","أفران تفحيم الخشب#الأفران الدوارة لتحضير الأسمنت والأفران الخلاطة لتحضير الجبس#أفران لصنع الخزف وأفران للطلاء بالمينا#- أفران لصنع الزجاج","84178000"
"466","- أجهزة لصنع البوظة","84186920"
"467","آلات صقل وترقيق","84201010"
"47","صبير ( تين شوكي أو برشومي ) ","08109000"
"470","فخاخ ومصائد الفئران#مصائد الأسماك# أربطة لعلف الحيوانات#سلال المهملات","73262000"
"48","كرز ( وشنة ) مجفف # تمر هندي مجفف # كمثرى مجففة","08134000"
"482","أباريق وصواني وصحون # خزانات وخوابي ودنان","80070010"
"485","مرشحات لتنقية الدم","84212900"
"49","كبسولات بن محمص ومطحون تستخدم مع آلة صنع القهوة الخاصة لصنع مشروب القهوة. # كبسولات لتحضير مشروب ساخن يسمى لاتيه ماكياتو # كبسولات لتحضير مشروب ساخن يسمى الكابتشينو # قهوة مطحونة مكثفة. مزيج من حبوب البن المختلفة. قهوة مع تحميص طبيعي ، بنكهة قوية وقوام ، لمسات حارة وشوكولاتة حليب خفيفة.يتم تقديمه في أكياس ثلاثية (ألمنيوم - بولي إيثيلين) 200 جرام. مناسب للاستهلاك الآدمي # حبوب البن المحمصة من أصول مختلفة. قهوة مع الجسم ، نكهة مكثفة مع لمسات من البهارات وشوكولاتة الحليب الخفيفة. يأتي في أكياس ثلاثية (ألمنيوم - بولي إيثيلين) وزنها كيلو واحد. مناسب للاستهلاك الآدمي","09012100"
"490","مرشحات لتنقية الهواء الداخل ، للمحركات ذات الإحتراق الداخلي","84213110"
"491","رؤوس بلاستيكية لنفث السوائل بالضغط المتكرر","84249000"
"492","كراجات","84254100"
"493","أجهزة حاضنة للبكتيريا في المختبرات","84368000"
"5","غزلان وظباء   #   كلاب #  ثعالب ومنك وأمثالها من حيوانات الفراء # حيوانات حدائق  ومعارض الحيوان وحيوانات مستوردة لهيئات علمية لمختبرات التجارب والبحوث","01061900"
"50","شاي أخضر منكه ، في شكل مسحوق ، مع نكهات مضافة و / أو قطع من الفاكهة و / أو أجزاء من النباتات. المنتج متوفر بنكهات مختلفة ، معبأ للبيع بالتجزئة في علبة معدنية 75 جرام #  شاي أبيض ، غير مخمر ، على شكل أوراق مجففة ، معبأ ","09021000"
"500","الات نشر","84631000"
"501","الات لاعمال اللولبة ابالتجليخ","84632000"
"502","مثاقب ومخارط وملولبات#مفكات البراغي وأجهزة ربط وفك مسامير الصوملة#آلات شحذ وصقل وتلميع وجلي وتسوية الأسطح#مناشير وقاطعات#مطارق لازالة الصدأ ومطارق النقش ومطارق الثقب ومطارق تكسير الخرساناتومطارق البرشمة# آلات البرشمة ذات الفكين#آلات قص وقضم الصاج","84671900"
"503","آلات ختم الطوابع#آلات صرف تذاكر","84709000"
"504","آلات مسح","84612000"
"5041","بخور","33074100"
"51","الفلفل الأخضر # الفلفل الأبيض # الفلفل الوردي # فلفل أسود غير مطحون ","09041100"
"510","للمسدسات النارية","93051000"
"511","معدة للأغراض العسكرية","93070000"
"512","كراسي أطفال مصممة لتعلق على مساند الكراسي الاخرى#كراسي أطفال بعجلات#مقاعد من احجار أو من خليط الحرير الصخري او خزف","94018000"
"513","أقلام اردواز# أقلام الفحم# أقلام ملونة للرسم# طباشير للكتابة أو للرسم طباشير للخياطين","96099000"
"52","الفلفل الحلو ، من أنواع الفليفلة frutescens ، مجففة ،غير مهروسة ، تستخدم كنكهة في أطباق مختلفة # الفلفل الأحمر ( ذات طعم حارق). مجففة ، غير 
 فلفل الانشو ,مطحونة.","09042100"
"53","فلفل حلو مجفف (مجفف) و مطحون, خليط من الفلفل الأحمر الحار المهروس أو المنقوع والملح","09042200"
"530","حفاضات أطفال#حفاضات نسائية#حفاضات للمرضى والمقعدين","96190000"
"531","أوعية لحفظ الثلج والماكولات# شوك ومعالق وسكاكين  من لدائن","39241000"
"54","أعواد قرفة من فصيلة سيناموموم كاسيا مغلفة للبيع بالتجزئة  #  Cinnamomum aromaticum  قرفة صينية غير مطحونة","09061900"
"540","حوامل لفرش الأسنان ومناديل الورق والأكواب للتواليت#منافض سجائر من لدائن# علاقات ملابس","39249000"
"55","قرفة مطحونة على شكل مسحوق بني ناعم مخصص لتغذية الحيوانات ومعبأة. # قرفة ، في شكل مسحوق ، لون مغرة إلى بني ، مخصصة للاستخدام كتوابل ، معبأة ","09062000"
"550","الفحم المعدني","27011200"
"56","Syzygium aromaticum قرنفل مجفف ","09071000"
"57","الهيل الأخضر الكامل والمجفف من أنواع Elettaria Cardamomum ، المعروف باسم الهيل الأخضر أو ​​الهيل العطري # الهيل الأسود الكامل والمجفف من نوع Amomum subulatum ، المعروف باسم الهيل العظيم أو الهيل البني ","09083100"
"58"," مسحوق الكاري # شاي تشاي معبأ في أكياس شاي هرمية قابلة للتحلل. يتم تخمير الشاي. تتكون من الشاي الأسود 10٪ ، القرفة 50٪ ، الهيل 2٪ ، الزنجبيل 29٪.","09109100"
"59","حلبة # زعتر وأوراق غار ( رند) # كاري  # بذور الحلبة المجففة (تسمى ميثي في ​​الهند) # بذور حبة البركة الكاملة المجففة  (الكمون الاسود)","09109900"
"6","ببغاوات ( بما فيها الببغاوات العادية والبركيت و المكاو والكوكاتو)","01063200"
"60","قمح خراسان","10011900"
"600","""منافض سجائر من بورسلين "" صيني","69119000"
"61","الأرز المصقول للاستخدام في تخمير الساكي يُستخدم كعنصر تخمير - مخصص فقط للاستخدام في مصنع الجعة","10063000"
"62","علف واحد للقوارض- الدخن الأصفر - الدخن بروسو الأحمر ، بخلاف البذار. # بذور الدخن المعدة للبيع كحبوب للطبخ ، ومعبأة للبيع بالتجزئة","10082900"
"63","دقيق شعير # دقيق شوفان # دقيق حبوب السورغوم # دقيق حنطة سوداء # دقيق دخن # دقيق أرز # طحين كوراكان","11029000"
"64","عصيدة حبوب الأرز # سميد الأرز على شكل مسحوق أبيض إلى بيج","11031900"
"65","خليط من رقائق الحبوب ، بذور عباد الشمس ودقيق الشعير المملح ، مخصص للخبز لصنع الخبز الخاص # خليط من رقائق الشعير والكتان البني وعباد الشمس والسمسم وبذور الخشخاش ، المعدة للمخابز لصنع الخبز الخاص ، كزينة أو شوائب # رقائق أرز بسمتي معبأة 
#حنطة#من شيلم# من حنطة سوداء#من دخن#من حبوب السورغوم##منذرة#من حبوب أخر","11041900"
"66","خليط من البذور والرقائق ودقيق الطعام ، مخصص للمخابز لصنع خبز خاص للزينة أو التضمين ، معبأ للبيع بالتجزئة # حبوب الدخن ذات اللون الأصفر الفاتح إلى الأصفر ، يتم الحصول عليها من حبوب الدخن في عملية التقشير والتلميع. # حبوب الحنطة السوداء الكاملة ، خاضعة للتنظيف وعلاج إزالة القشور","11042900"
"67","رقائق البطاطس المجففة","11052000"
"68","مسحوق ناعم بلون الكريم إلى أصفر فاتح ، يتم الحصول عليه من طحن الفول العريض الغني بالنشا # حمص بطحينية","11061000"
"69","سميد الكسافا ، يسمى محليًا غاري أو غاري ،يتم الحصول عليه من درنات الكسافا","11062000"
"7"," حمام أليف # حمام بري# حجل، تدرج سماني # دجاج الأرض# شنقب # قطا# أرطلان# بط بري # طيور الزينة ","01063900"
"70","مسحوق مصنوع من قشر البرتقال المسحوق # مسحوق الفاكهة من شجرة Acerola (كرز باربادوس أو كرز غرب الهند) صالح للأكل أو يستخدم في تكوين مكمل غذائي ، برتقالي فاتح إلى أصفر اللون ، بطعم حامض ، معبأ. # مسحوق ألياف الحمضيات ، مخصص للصناعة الغذائية ومعبأ  # مسحوق التوت المجفف ""كامو كامو (Myrciaria dubia)بيج داكن اللون ، معد للاستخدام كمكمل غذائي ، معبأ. # قشر ثمر الورد المجفف في شكل مسحوق. المسحوق بني محمر اللون # مستخلص الأكاي العضوي المجفف بالتجميد ،(Euterpe oleacera)  على شكل مسحوق أرجواني فاتح إلى غامق ، لمستحضرات التجميل أو صناعة المكملات الغذائية # مسحوق الموكوا (أو الباوباب) (فاكهة الباوباب). يتم الحصول على المنتج من لب الفاكهة ، معبأ.#  مسحوق أكي عضوي ؛ مسحوق الفاكهة المجفف بالتجميد والمطحون #مسحوق التمر  ","11063000"
"700","محسوق الميلك شيك#حليب جوز الهند#نسكويك ملك شيك","04021090"
"701","مخفوق الحليب - حليب وقشدة بأشكال صلبة، تحتوي على نسبة دسم أكبر من 1,5% وزنا، محلاة","04022990"
"702","مزيج مشروب الكوكيز #مزيج الشوكولاته الساخن#شوكولاته فاخرة#نسكويك مسحوق شوكولاته وكاكاو#شراب شوكولاتة سريع التحضير","18061000"
"703","شراب الاناناس والبرتقال","20094110"
"704","عصير الليمون الطازج المجمد مع السكر","20093110"
"706","شراب الفاكهة طماطم","20095000"
"71","نشا الكسافا (نشا التابيوكا)","11081400"
"710","تمباك","24011000"
"72","نشاء الأرز # نشاء الأراروت # نشاء لب النخل الهندي (ساجو ) #   نشاء  كودزو مصنوع من جذر كودزو المسحوق والمفلتر والمجفف ، بدون مواد كيميائية أو مواد حافظة ","11081900"
"720","الثور","01023900"
"721","لحم العجل","02011000"
"722","الكبد","02071400"
"73","فول الصويا المجمد (جلايسين ماكس) مع الجلد # بذور فول الصويا","12019000"
"730","قطع الضلع#قطع تشاك#قطع الخاصرة#قطع لحم الصدر#تخفيضات الورك#قطع الجناح أو اللوحة","02013000"
"732","من الأرانب أو الأرانب البرية","02081000"
"74","بذور البطيخ (Citrullus lanatus)","12077000"
"740","من الحيتان والدلافين وخنازير البحر","02084000"
"741","من الزواحف (بما في ذلك الثعابين والسلاحف)","02085000"
"75","بذور القنب(cannabis sativa L) # البذور الزيتية كاميلينا # بذور اليقطين  # بذور الشيا (سالفيا هيسبانيكا إل )  # بذور الدخن","12079900"
"750","شبوط كوي#السمكة الذهبية","03011100"
"751","سمنة","04051000"
"76","دقيق بذور سمسم ","12089000"
"77"," بذور ريجراس ","12092500"
"78","بذور بنجر العلف للبذر # علف بذور البسبالوم # بذور اللفت الملفوفRutabaga للبذر. # بذور الكرنب العلف ، للبذر ترمس#غيره # تقاوي جزرة علفية للبذر من نوع ""Daucus Carota","12092900"
"79","بذر أنواع البابونج","12093000"
"8","الحشرات الحية غير الخاضعة لـ CDC (شهادة السعة) وغير محمية من قبل CITES (اتفاقية التجارة الدولية في الأنواع المهددة بالانقراض من الحيوانات والنباتات البرية) ، مثل السرعوف ، والخنافس ، و Orthoptera ، Diptera ، والحشرات اللاصقة ، Lepidoptera ، غير الخطرة و غير جراحي مخصص للتجميع كحيوانات أليفة جديدة أو للعرض للجمهور","01064900"
"80","بذور بنجر الحديقة ، للزراعة # بذور الثوم المعمر  # بذور خس الخروف (Valerianella locusta) للزراعة. # بذور الخضروات (السبانخ أو الباذنجان) للزراعة # بذور السلق السويسرية -Beta vulgaris var.  ٍ# بذور القرع الزجاجي (Lagenaria siceraria) # بذور الكوسة # بذور البامية (Abelmoschus esculentus) للزراعة. # بذور البصل (Allium cepa) للبذر. # بذور الكرنب الصيني (Brassica rapa subsp. Chinensis) للزراعة. # بذور الفجل (Raphanus sativus) للزراعة # بذور échalion (Allium cepa) للزرع. # بذور نباتية من نوع الجزر ""Daucus carota # بذور بذر البقدونس المسطح(Petroselinum crispum) # بذور لبذر الطماطم (Solanum Lycopersicum). # بذور بذر أنواع باتافيا (Lactuca sativa var. Capitata)  # بذور الكحلبي للبذر # بذور البصل الربيع ، للزرع.  # بذور الثوم المعمر للبذر # بذور الجرجير للبذر. # بذور الخس للبذر. # بذور حميض للزرع # بذور الطماطم للبذر. # بذور الكردون (Cynara cardunculus) للزراعة. # بذور الفلفل للبذر #  بذور الكرفس للبذر # بذور الكرنب الأحمر للبذر # بذور الملفوف الرأس للبذر # بذور الخيار للبذر # بذور اللفت للبذر  # بذور الجزر الأبيض للبذر # بذور الباذنجان للبذر. (Solanum melongena L  # بذور الهندباء للبذر (Cichorium intybus var.foliosum) # بذور السبانخ للبذر # بذور الفلفل الحار(الفليفلة frutescens) للبذر # بذور البقدونس للبذر (Petroselinum crispum). # بذور الكراث للبذر (Allium pampeloprasum). # بذور مخلل من النوع اللاتيني كوكوميس ساتيفوس (Cucumis sativus) للزراعة. # بذور الراوند ، من الأنواع اللاتينية Rheum ، للزراعة. # بذور الجرجير للبذر (Eruca vesicaria ssp. Sativa). # بذور القرنبيط للبذر (براسيكا oleracea var. italica). # بذور الشيرفيل (Anthriscus cerefolium) للزراعة.","12099100"
"800","#الثيران#الأبقار#العجول","01022900"
"804","أنثوريوم _الستريميريا_استير_أجراس أيرلندا_استدعاء الزنابق","06031900"
"81","بذور النعناع # بذور الريحان # بذور التين الشوكي # بذور عشب الأريكة (Cynodon Dactylon) للبذر. # بذور الفراولة  # بذور زعتر  #  بذور إكليل الجبل مخصصة للبذر # جذور الجينسنغ ، مقدمة على شكل مسحوق ، مخصصة للغذاء. # بذور البابايا ","12099900"
"810","كرنب","07049000"
"811","الكرفس","07069000"
"812","عين الجمل","08023100"
"82","النعناع البري  # Epilobium angustifolium (عشبة صفصاف)   #أعشاب الريحان العضوية #  الأوريجانو العضوي التركي # زهور الورد المجففة (Rosa L.) # زهور الياسمين المجففة (Jasminum sambac L.) # نبتة مويرا بواما (شجرة من نوع Ptychopetalum olacoides)  #  فلفل أخضر عضوي # الفروع المجففة ، الكاملة أو المطحونة ، من نباتات Artemisia annua أو Artemisia vulgaris (الشيح الصيني ,mugwort السنوي) # نبات عشبي من نوع Gongoli  # مسحوق أخضر غامق. يتم استخدامه لأغراض مبيدات الحشرات في الزراعة. أوراق شجرة النيم المجففة والمكسرة (Azadirachta Indica) # زهورات # حبة البركة ( حبة سوداء ) # خشخاش أسود # شظايا وقطع خشب العود وخشب الصندل وأخشاب بخور أخرى # كركديه # قنب هندي # أعواد السواك # أوراق التمبول الهندي # بان هندي تمبول محضر جاهز للمضغ غير محتوي على تبغ # نبات الفات","12119000"
"820","بومباي أو الصولجان البري، مطحون","09082200"
"83","بذور بطيخ ( أخضر وأصفر) # بذور يقطين وكوسة وقرع # نوى ولب ( قلب ) المشمش والبرقوق (دراق ) ","12129900"
"830","القمح الشتوي الأحمر الغربي ""الكندي"".","10019900"
"831","الأرز البري","10089000"
"832","القمح الربيعي الصلب, القمح الربيعي الصلب, القمح القاسي القمح الشتوي الأبيض","11010000"
"833","نشأ الذرة","11031300"
"834","دقيق الجاودارو مخاليط","11029000"
"835","نشأ الذرة","11031300"
"84","المتممات العلفية","12141000"
"840","ألوان الأرض","25309000"
"85","ترمس # كرسنة ( بيقيه ) وجلبان ","12149000"
"850","بصيلة الزنبق#بصيلة النرجس# بصيلة الياقوتية  زهرة","06011000"
"86","صمغ كثيراء # مستكل # جاوي # حلتيت # مر # لبان ذكر # لبان بخور # لبان لامى # راتينج القنب  # راتنج Copaifera Officinalis # شيلاك ، مغلف للبيع في أكياس 25 كجم","13019000"
"87","خلاصة الجينسينغ # طحينة (عصارة السمسم ) # الصبر # خلاصات المر # المن # مستخلص فانيليا نقي ، سائل ، معبأ للبيع بالتجزئة # مستخلص الفطر من مسحوق فطر Grifola frondosa  #  Pleurotus ostreatus (فطر المحار) - مستخلص الفطر من مسحوق فطر #  Polyporus umbellatus (السنجاب) - مستخلص الفطر من مسحوق # مستخلص الفطر من مسحوق ريشي بدون أي إضافات أخرى # مستخلص الفطر من مسحوق  Lentinula edodes( shiitake)# Agaricus blazei murill (فطر اللوز) - مستخلص الفطر من مسحوق فطر #  Auricularia judae (Judasohr) - مستخلص الفطر من مسحوق # مستخلص نباتي (مستخلص نبات الروزير) الذي يستخدم بشكل أساسي لإنتاج المشروبات والمكملات الغذائية الأخرى في صناعة المواد الغذائية.  # مستخلص نباتي (مستخلص نبات الروزير) الذي يستخدم بشكل أساسي لإنتاج المشروبات والمكملات الغذائية الأخرى في صناعة المواد الغذائية.  # مستخلص الفطر من شاجا (لائحة شيلربورلينج) بدون إضافات أخرى #  قطرات الزنجبيل # مستخلص إشنسا بوربوريا الجاف # مستخلص الجوز الأخضر يستخدم كنكهة في صناعة الأغذية # مسحوق عصير نبات القنفذية الطازج المضغوط بمحتوى حمض السيشوريك بنسبة 3.4٪ على الأقل # مستخلص من أوراق القنب # مستخلص زيت الزيتون في محلول بولي إيثيلين جلايكول (PEG400) # مستخلص بذور الجريب فروت مع 2٪ نارينجين ، مالتوديكسترين. # مستخلص بذور كستناء الحصان # مستخلص أوراق الكاري العضوي مع ما لا يقل عن 3.6٪ حديد ، 100٪ نقي ، بدون إضافات أو مواد مساعدة  # مستخلص جذر استراغالوس #مسحوق عصير عشب الشعير # عصارة البتولا ، منتج طبيعي على شكل سائل صافٍ ، عديم اللون إلى سائل أبيض قليلًا جدًا # Hericium erinaceus (Hedgehog's Mane) - مستخلص الفطر من مسحوق فطر  # مستخلص فطر كورديسيبس سينينسيس (فطر كاتربيلر)  # Coprinus comatus (Schopftintling) - مستخلص الفطر من مسحوق # Coriolus versicolor (butterfly tramet) - مستخلص الفطر من مسحوق فطر ","13021900"
"88"," الكاراجينان","13023900"
"89","أغصان الصفصاف طبيعية  #  قش بذور اللفت #  كابوك (ألياف نباتية برية) #  ألياف جوز الهند # أوراق شجر الموز","14019000"
"9","الديدان الخيطية Caenorhabditis elegans # لحيوانات الحية الأخرى ، مثل العناكب (العناكب الحقيقية) ، لا تخضع لشهادة CDC (شهادة القدرة) ولا تخضع لـ CITES (اتفاقية التجارة الدولية في الأنواع المهددة بالانقراض من الحيوانات والنباتات البرية) ، غير خطرة وغير غازية ، مقصودة ليتم جمعها كحيوانات أليفة جديدة","01069000"
"90","حناء # Carthamus tinctorius - القرطم ،الزعفران الزائف # Caesalpina tinctoria أو Caesalpina spinosaمسحوق من نبات  ","14049000"
"91","زيت السلمون ، مثبت بخلاصة إكليل الجبل والتوكوفيرول. يتم استخدامه كمكمل غذائي للكلاب ، من أجل تحسين حالة الجلد والغطاء والمفاصل","15041000"
"92","زيت التونة الخام في صورة سائلة مأخوذ من رؤوس التونة ؛ غير معدل كيميائيا ، غير مكرر","15042000"
"93","زيت حيواني تم الحصول عليه من يرقة  Tenebrio Molitor  # زيت لزج أحمر محدد مستخرج من كريل أنتاركتيكا (إبهاوسيا سوبربا). هذا الزيت غني بأحماض أوميغا 3 الفوسفورية البحرية","15060000"
"94","زيت نخيل مكرر في صورة سائلة معد لإدخاله في علف الحيوانات.","15119090"
"95","زيت جوز الهند المزيل الرائحة والمبيض والمكرر ، المخصص لصناعة مستحضرات التجميل ","15131900"
"96","زيت ساشا إنشي (زيت الإنكا إنكي). تم الحصول عليها بالضغط على بذور جوز الإنكا (Plukenetia Volubilis L.). الطبيعة: أصفر فاتح إلى زيت مخضر. # زيت بذور البطيخ كالاهاري # زيت كروتون المنتج في درجة حرارة الغرفة يقدم على شكل سائل ، بتناسق زيتي ، لون أصفر برتقالي #  زبدة المورومورو (زبدة بذور المورمورو أستروكاريوم) # زيت الجوز الأمازوني ، البكر الممتاز ، من الضغط البارد الأول بوسائل ميكانيكية ، مخصص للاستهلاك البشري # زيت القنب المعصور على البارد (Cannabis sativa L )  # زيت من جوز الأرز (الصنوبر) ، خام ، غير مكرر ، ومعبأ للبيع بالتجزئة ","15159000"
"97","مرغرين سائل","15179000"
"98","بياض الحوت وغيره من الثدييات البحرية (سبيرماستي) خاما أو معصوراً أو مكرراً  أو ملوناً # شمع نحل وكذلك الملون منه # شموع حشرات آخر و كذلك الملون منه","15219000"
"99","محضرة لحم الخنزير من نوع كبدة باتيه ، مهيأة في علب للبيع بالتجزئة # محضرات طعام من نوع تيرين تعتمد على كبد الدجاج وتعبئتها للبيع بالتجزئة  # تحضير الطعام من لحم الدجاج ومخلفاته ، من نوع كبدة باتيه ، معبأ للبيع بالتجزئة # مكمل غذائي على شكل مسحوق لحم (كبد) في كبسولات","16022000"
