"id","note_a","note_b","additional_note","id_fee_id","name_a","name_addition","name_b","additional_note_en","name_a_en","name_addition_en","name_b_en","note_a_en","note_b_en"
"1",,,"يطبق الرسم المخفض ضمن الشروط والتحفظات التي تحددها إدارة الجمارك","07011000",,,"ملاحظة إضافية 1",NULL,NULL,NULL,NULL,NULL,NULL
"10",,,"""يقصد بعبارة """"توت عادي"""" الواردة في نص البند الفرعي 081020( توت الأشجار""""Mulberries )""""كما ورد في نص نفس البند باللغة الإنكليزية """"Blackberry """"ولم تترجم هذه العبارة الى اللغة العربية ويقصد بها(التوت الشوكي).""","08102000",,,"ملاحظة إضافية 3",NULL,NULL,NULL,NULL,NULL,NULL
"100",,,"تتألف عملية شغل الزجاج بصرياً من شحذ سطوحه بمواد شاحذة خشنة أولا ثم بأنعم فأنعم تدريجياً وهكذا تتعاقب العمليات من تخشين إلى تقويم فتنعيم فصقل تبقى داخلة في البندين 70.05 و 70.06 الأصناف المعالجة بعملية واحدة أو أكثر من العمليات السابقة للصقل، غير أن الأصناف المصقول منها وجه واحد أو أكثر صقلا كلياً أو جزئياً  للحصول على الخواص البصرية المطلوبة مستثناة منهما (البند 90.01 أو 90.02 وفقاً  لما إذا كانت مركبة أو غير مركبة - راجع شرح البندين).ينطبق ذلك أيضاً على مشتملات البند 7015.","70151000",,,"ملاحظة إضافية 3",NULL,NULL,NULL,NULL,NULL,NULL
"101",,,"""ورد في نص البند الفرعي 7019.11 عبارة """"جدائل مقطعة"""" ترجمة لعبارة """" chopped strands """"وتبيّن أن كلمة """"strand """"تعني وفقاً  لمعجم المورد: أي من الخيوط  المجدولة التي تشكل حبلاً   كما ورد نفس المعنى في معجم """" THE SHORTER OXFORD"""" ويتفق ذلك أيضاً مع العبارة الواردة في النص الفرنسي لنفس البند الفرعي """"fils coupes"""" أي خيوط مقطعة. إن النص الفرنسي للبند الفرعي 7019.11 Meches,stratifils (rovings) et fils, coupes ou non استبدل بموجب تعديل 2002 بعبارة: Fils coupes(chopped strands) , d'une longueur n'excedant pas 50mm  أي"""" خيوط مقطعة لا يتجاوز طولها 50 ملم""""""","70191100",,,"ملاحظة إضافية 5",NULL,NULL,NULL,NULL,NULL,NULL
"102",,,"""ورد في النص الإنكليزي للبند الفرعي :7112.30""""رماد يحتوي على معادن ثمينة أومركبَّات المعادن الثمينة"""" بينما جاء في النص الفرنسي """"رماد يحتوي على معادن ثمينة أومركبَّات المعادن الثمينة، باستثناء تراب الصياغة (رماد المصوغات """" cendres d'orfevre"""" ""","71123000",,,"ملاحظة إضافية 1",NULL,NULL,NULL,NULL,NULL,NULL
"103",,,"""يقصد بعبارة """" دعامات عريضة """" الواردة في نص البند 73.01 والبند الفرعي 7301.10 (ألواح ذات مقاطع لها شكل خاص جداً ومصممة للتجميع معاً """"Palplanches"""").""","73011000",,,"ملاحظة إضافية 4 ",NULL,NULL,NULL,NULL,NULL,NULL
"104",,,"""وردت في نص البند 73.17 عبارة """" مشابك خارزة """" ترجمة لكلمة """"staples """"وهي تعني مسمار مزدوج السن له شكل الحرف""""U"""" أوسلك صغير له نفس الشكل معد ليغرز طرفاه في مجموعة أوراق ثم يلويان إلا أن الأسالك التي هي من نفس النوع والشكل المجمّعة بشكل أمشاط جاهزة للاستعمال في آلات الخرز تدخل في البند8305.""","73170000",,,"ملاحظة إضافية 3",NULL,NULL,NULL,NULL,NULL,NULL
"105",,,"""ورد في نص البند الفرعي7318.13 عبارة """" براغي برؤوس حلقية """" وهي تعرف في الأسواق المحلية تحت تسمية """"رزّة أو رزّات""""""","73181300",,,"ملاحظة إضافية 5",NULL,NULL,NULL,NULL,NULL,NULL
"106",,,"""إن عبارة """"النحاس الأحمر"""" هي التسمية الشائعة للنحاس النقي (فيما يقابل تسمية النحاس الأصفر) وورد ذكرها في البنود الفرعية للفصل الرابع والسبعين من جدول الرسوم الجمركية الصادر في دمشق عام 1989""","74031100",,,"ملاحظة إضافية 8",NULL,NULL,NULL,NULL,NULL,NULL
"107",,,"""إن عبارة """"النحاس الأحمر"""" هي التسمية الشائعة للنحاس النقي (فيما يقابل تسمية النحاس الأصفر) وورد ذكرها في البنود الفرعية للفصل الرابع والسبعين من جدول الرسوم الجمركية الصادر في دمشق عام 1990""","74031200",,,"ملاحظة إضافية 8",NULL,NULL,NULL,NULL,NULL,NULL
"108",,,"""إن عبارة """"النحاس الأحمر"""" هي التسمية الشائعة للنحاس النقي (فيما يقابل تسمية النحاس الأصفر) وورد ذكرها في البنود الفرعية للفصل الرابع والسبعين من جدول الرسوم الجمركية الصادر في دمشق عام 1991""","74031300",,,"ملاحظة إضافية 8",NULL,NULL,NULL,NULL,NULL,NULL
"109",,,"""إن عبارة """"النحاس الأحمر"""" هي التسمية الشائعة للنحاس النقي (فيما يقابل تسمية النحاس الأصفر) وورد ذكرها في البنود الفرعية للفصل الرابع والسبعين من جدول الرسوم الجمركية الصادر في دمشق عام 1992""","74031900",,,"ملاحظة إضافية 8",NULL,NULL,NULL,NULL,NULL,NULL
"11",,,"""يقصد بعبارة """"توت عادي"""" الواردة في نص البند الفرعي 081020( توت الأشجار""""Mulberries )""""كما ورد في نص نفس البند باللغة الإنكليزية """"Blackberry """"ولم تترجم هذه العبارة الى اللغة العربية ويقصد بها(التوت الشوكي).""","08112000",,,"ملاحظة إضافية 3",NULL,NULL,NULL,NULL,NULL,NULL
"110",,,"""إن عبارة """"النحاس الأحمر"""" هي التسمية الشائعة للنحاس النقي (فيما يقابل تسمية النحاس الأصفر) وورد ذكرها في البنود الفرعية للفصل الرابع والسبعين من جدول الرسوم الجمركية الصادر في دمشق عام 1989""","74071000",,,"ملاحظة إضافية 8",NULL,NULL,NULL,NULL,NULL,NULL
"111",,,"""إن عبارة """"النحاس الأحمر"""" هي التسمية الشائعة للنحاس النقي (فيما يقابل تسمية النحاس الأصفر) وورد ذكرها في البنود الفرعية للفصل الرابع والسبعين من جدول الرسوم الجمركية الصادر في دمشق عام 1989""","74081100",,,"ملاحظة إضافية 8",NULL,NULL,NULL,NULL,NULL,NULL
"112",,,"""إن عبارة """"النحاس الأحمر"""" هي التسمية الشائعة للنحاس النقي (فيما يقابل تسمية النحاس الأصفر) وورد ذكرها في البنود الفرعية للفصل الرابع والسبعين من جدول الرسوم الجمركية الصادر في دمشق عام 1990""","74081900",,,"ملاحظة إضافية 8",NULL,NULL,NULL,NULL,NULL,NULL
"113",,,"""إن عبارة """"النحاس الأحمر"""" هي التسمية الشائعة للنحاس النقي (فيما يقابل تسمية النحاس الأصفر) وورد ذكرها في البنود الفرعية للفصل الرابع والسبعين من جدول الرسوم الجمركية الصادر في دمشق عام 1989""","74091100",,,"ملاحظة إضافية 8",NULL,NULL,NULL,NULL,NULL,NULL
"114",,,"""إن عبارة """"النحاس الأحمر"""" هي التسمية الشائعة للنحاس النقي (فيما يقابل تسمية النحاس الأصفر) وورد ذكرها في البنود الفرعية للفصل الرابع والسبعين من جدول الرسوم الجمركية الصادر في دمشق عام 1990""","74091900",,,"ملاحظة إضافية 8",NULL,NULL,NULL,NULL,NULL,NULL
"115",,,"""إن عبارة """"النحاس الأحمر"""" هي التسمية الشائعة للنحاس النقي (فيما يقابل تسمية النحاس الأصفر) وورد ذكرها في البنود الفرعية للفصل الرابع والسبعين من جدول الرسوم الجمركية الصادر في دمشق عام 1989""","74101100",,,"ملاحظة إضافية 8",NULL,NULL,NULL,NULL,NULL,NULL
"116",,,"""إن عبارة """"النحاس الأحمر"""" هي التسمية الشائعة للنحاس النقي (فيما يقابل تسمية النحاس الأصفر) وورد ذكرها في البنود الفرعية للفصل الرابع والسبعين من جدول الرسوم الجمركية الصادر في دمشق عام 1989""","74111000",,,"ملاحظة إضافية 8",NULL,NULL,NULL,NULL,NULL,NULL
"117",,,"""إن عبارة """"النحاس الأحمر"""" هي التسمية الشائعة للنحاس النقي (فيما يقابل تسمية النحاس الأصفر) وورد ذكرها في البنود الفرعية للفصل الرابع والسبعين من جدول الرسوم الجمركية الصادر في دمشق عام 1989""","74121000",,,"ملاحظة إضافية 8",NULL,NULL,NULL,NULL,NULL,NULL
"118",,,"""لتطبيق أحكام البند 74.15 و 7415.10 يقصد بعبارة """" دبابيس ورق الرسم """" مسامير صغيرة ذات رأس كبير وساق قصير ودقيق و نهاية حادة مصممة للغرز يدويّا. كما يقصد بعبارة """" مشابك خارزة """" مسمار مزدوج السن له شكل حرف """"U """"وكذلك أيضاً سلك صغير له نفس الشكل يغرز طرفاه في مجموعة من الورق ثم يلويان إلا أن الأسلاك التي هي من نفس النوع والشكل مجمّعة بشكل أمشاط جاهزة للاستعمال في آلات الخرز تدخل في البند 83.05 .""","74151000",,,"ملاحظة إضافية 3",NULL,NULL,NULL,NULL,NULL,NULL
"119",,,"""إن تعبير""""مبصومة"""" يقصد به (المنقوشة بالضغط """"Estamped)"""".""","74192000",,,"ملاحظة إضافية 9",NULL,NULL,NULL,NULL,NULL,NULL
"12",,,"""كما يقصد بكلمة """"دخن"""" الواردة في نص البند الفرعي 100820( ذرة عويجة).""","10082100",,,"ملاحظة إضافية 3",NULL,NULL,NULL,NULL,NULL,NULL
"120",,,"""ورد تعبير""""رقائق"""" في نص البند 76.03 وفي نص البند الفرعي7603.20 ويقصد بها رقائق صغيرة (""""flakes"""").""","76032000",,,"ملاحظة إضافية 6",NULL,NULL,NULL,NULL,NULL,NULL
"121",,,"""ورد تعبير""""رقائق"""" في نص البند 78.04 وفي نص البند الفرعي7804.20 ويقصد بها رقائق صغيرة (بشرة """"flakes)""","78042000",,,"ملاحظة إضافية 5",NULL,NULL,NULL,NULL,NULL,NULL
"122",,,"""وردت عبارة """" أشكال خاصة """" في نص البند 7904  من جدول التعريفة وفق النظام المنسّق وفق تعديلات 1966 الصادر عن """"إدارة المال والاستثمار، الإدارة العامة للشؤون الاقتصادية لدى الأمانة العامة لجامعة الدول العربية """" ترجمة لكلمة (بروفيلات """" profiles """") وقد عرف معجم لاروس الصغير ( petit Larousse illustre  """" طبعة 1989"""") كلمة بروفيليه بأنها: """" منتجات معدنية ذات أطوال كبيرة، لها مقطع ثابت ذو شكل محدد: Profile# #n.m.Produit metallurgique de grande longueur, ayant une section constant et de forme determine  وقد وردت ترجمة الكلمة المذكورة في معجم المنهل طبعة 1985 كما يلي: مجنّب (معطى جانبية معينة) قضيب ذو جانبية معينة كما وردت ترجمة الكلمة المذكورة في معجم المورد طبعة :1994الجانبية أو المظهر الجانبي كما وردت ترجمة """"بروفيل"""": جانبية أو مقطع.والمهم هو التركيز على أن الشكل الخاص هو شكل المقطع وليس شكل المنتج ككل.""","79040000",,,"ملاحظة إضافية 3",NULL,NULL,NULL,NULL,NULL,NULL
"123",,,"""وردت عبارة """" أشكال خاصة """" في نص البند 8003  من جدول التعريفة وفق النظام المنسّق وفق تعديلات 1966 الصادر عن """"إدارة المال والاستثمار، الإدارة العامة للشؤون الاقتصادية لدى الأمانة العامة لجامعة الدول العربية """" ترجمة لكلمة (بروفيلات """" profiles """") وقد عرف معجم لاروس الصغير ( petit Larousse illustre  """" طبعة 1989"""") كلمة بروفيليه بأنها: """" منتجات معدنية ذات أطوال كبيرة، لها مقطع ثابت ذو شكل محدد: Profile# #n.m.Produit metallurgique de grande longueur, ayant une section constant et de forme determine  وقد وردت ترجمة الكلمة المذكورة في معجم المنهل طبعة 1985 كما يلي: مجنّب (معطى جانبية معينة) قضيب ذو جانبية معينة كما وردت ترجمة الكلمة المذكورة في معجم المورد طبعة :1994الجانبية أو المظهر الجانبي كما وردت ترجمة """"بروفيل"""": جانبية أو مقطع.والمهم هو التركيز على أن الشكل الخاص هو شكل المقطع وليس شكل المنتج ككل.""","80030000",,,"ملاحظة إضافية 3",NULL,NULL,NULL,NULL,NULL,NULL
"124",,,"""وردت عبارة """" أشكال خاصة """" في نص البند 810295  من جدول التعريفة وفق النظام المنسّق وفق تعديلات 1966 الصادر عن """"إدارة المال والاستثمار، الإدارة العامة للشؤون الاقتصادية لدى الأمانة العامة لجامعة الدول العربية """" ترجمة لكلمة (بروفيلات """" profiles """") وقد عرف معجم لاروس الصغير ( petit Larousse illustre  """" طبعة 1989"""") كلمة بروفيليه بأنها: """" منتجات معدنية ذات أطوال كبيرة، لها مقطع ثابت ذو شكل محدد: Profile# #n.m.Produit metallurgique de grande longueur, ayant une section constant et de forme determine  وقد وردت ترجمة الكلمة المذكورة في معجم المنهل طبعة 1985 كما يلي: مجنّب (معطى جانبية معينة) قضيب ذو جانبية معينة كما وردت ترجمة الكلمة المذكورة في معجم المورد طبعة :1994الجانبية أو المظهر الجانبي كما وردت ترجمة """"بروفيل"""": جانبية أو مقطع.والمهم هو التركيز على أن الشكل الخاص هو شكل المقطع وليس شكل المنتج ككل.""","81029500",,,"ملاحظة إضافية 2",NULL,NULL,NULL,NULL,NULL,NULL
"125",,,"""وردت عبارة """"مقفلة بدون نهايات"""" في نص البند الفرعي 8202.20 في مؤلف جدول التعريفة الجمركية المعد وفقاً للنظام المنسق وتعديلاته لعام 1996  من قبل الأمانة العامة الإدارة العامة للشؤون الاقتصادية، إدارة المال والتجارة والاستثمار لدى جامعة الدول العربية"""" و يقصد بها: تلك التي لها شكل دائرة مرنة كما لو كانت موصولة النهايات بحيث اتخذت شكل الدائرة المرنة.""","82022000",,,"ملاحظة إضافية 2",NULL,NULL,NULL,NULL,NULL,NULL
"126",,,"""لم ترد في نص البند 82.04 من الجدول المذكور أعلاه عبارة """"عدا مفاتيح الحنفيات"""" الواردة في جدول التعريفة الجمركية المنسقة لجمهورية مصر العربية الصادر في /13/ 2 / 1994 ترجمة لعبارة """"not including tap wrenches """"الواردة في النص الإنكليزي لنفس البند والتي تخضع للبند 82.05 .كما أن المقصود بعبارة """"قابلة للتعديل"""" الواردة في نص البند 8204.12 هو """"تعديل المسافة ما بين فكي المفتاح"""".""","82042000",,,"ملاحظة إضافية 3",NULL,NULL,NULL,NULL,NULL,NULL
"127",,,"""وردت عبارة """"رؤوس ربط قابلة للتبديل"""" في نص البند 82.04 وعبارة """"مفاتيح ربط قابلة للتبديل"""" في نص البند الفرعي820420 في مؤلف""""جدول التعريفة الجمركية المعد وفقاً للنظام المنسق وتعديلاته  لعام 1996 من قبل الأمانة العامة الإدارة العامة للشؤون الاقتصادية،إدارة المال والتجارة والاستثمار لدى جامعة الدول العربية """" في حين وردت هاتان العبارتان في النص الإنكليزي لكلا البندين الرئيسي والفرعي"""" interchangeable spanner  sockets """" كما وردت في النص الفرنسي """"douilles de serrage interchangeables"""" لنفس البندين المذكورين في المؤلف الصادر عن منظمةالجمارك العالمية"""" مجلس  التعاون الجمركي"""" بدون تغيير وهي في واقع الأمر رؤوس لمفاتيح الربط قابلة للتبديل تتخذ شكل رؤوس البراغي أو العزق المراد حلها ويتضح من التسمية الأجنبية أنها سوك"""" sockets """"وتعرف أيضاً باللهجة العامية المحلية بتسمية """"كشاتبين""""""","82042000",,,"ملاحظة إضافية 9",NULL,NULL,NULL,NULL,NULL,NULL
"128",,,"""لم ترد في نص البند 82.04 من الجدول المذكور أعلاه عبارة """"عدا مفاتيح الحنفيات"""" الواردة في جدول التعريفة الجمركية المنسقة لجمهورية مصر العربية الصادر في /13/ 2 / 1994 ترجمة لعبارة """"not including tap wrenches """"الواردة في النص الإنكليزي لنفس البند والتي تخضع للبند 82.05 .كما أن المقصود بعبارة """"قابلة للتعديل"""" الواردة في نص البند 8204.12 هو """"تعديل المسافة ما بين فكي المفتاح"""".""","82051000",,,"ملاحظة إضافية 3",NULL,NULL,NULL,NULL,NULL,NULL
"129",,,"""وردت في نص البند 82.07 وفي البندين الفرعيين 8205.10 و8207.40 كلمة """" لولبة """" بينما ورد في الأصل المترجم عنه، لولبة السطح الخارجي للسطوح االسطوانية """" threading"""" أو بالفرنسية """"filetage """" ولولبة السطح الداخلي للثقوب""""tapping""""التي تعني يلولب من الداخل وفقا لمعجم المورد ويقابلها في النص الفرنسي"""" taraudage"""" ووردت ترجمتها في المعاجم،اللولبة من الداخل: v.tr. Executer un filetage a l'intertieur d'un trou tarauder""","82051000",,,"ملاحظة إضافية 4 ",NULL,NULL,NULL,NULL,NULL,NULL
"13",,,"""كما يقصد بكلمة """"دخن"""" الواردة في نص البند الفرعي 100820( ذرة عويجة).""","10082900",,,"ملاحظة إضافية 3",NULL,NULL,NULL,NULL,NULL,NULL
"130",,,"""وردت في نص البند 82.07 وفي البندين الفرعيين 8205.10 و8207.40 كلمة """" لولبة """" بينما ورد في الأصل المترجم عنه، لولبة السطح الخارجي للسطوح االسطوانية """" threading"""" أو بالفرنسية """"filetage """" ولولبة السطح الداخلي للثقوب""""tapping""""التي تعني يلولب من الداخل وفقا لمعجم المورد ويقابلها في النص الفرنسي"""" taraudage"""" ووردت ترجمتها في المعاجم،اللولبة من الداخل: tarauder v.tr. Executer un filetage a l'intertieur d'un trou ""","82074000",,,"ملاحظة إضافية 4 ",NULL,NULL,NULL,NULL,NULL,NULL
"131",,,"""وردت في نص البند الفرعي 8207.60 من الجدو ل المذكور أعلاه كلمتي """"للتقعير أو التقوير"""" وقد ورد في نص نفس البند بالفرنسية """"aleser """"وتعني شغل السطوح الداخلية للأنابيب والثقوب بحيث تصبح مطابقة تماما للأقطار الصحيحة."""" Aleser. Polir et mettre au diamettre exacte l'interieur d'un tube d'un trou """" ويقابلها في النص اإلنكليزي""""bore """"ووردت ترجمتها في معجم المورد،عيار قطر داخلي، كما ورد تفسيرها في معجم أوكسفورد: تجويف اسطوانة بشكل متساوي """"to hollow out evenly cylinder """" أما الكلمة الأخرى الواردة في النص الفرنسي """"brocher """"فهي تعني شغل الثقوب بواسطة أداة """"broche """"لضبط مقاس أقطارها أو لتفريضها ويقابلها بالإنكليزية """"broach 'وقد وردت ترجمتها في معجم المورد: يوسّع ثقبا""","82076000",,,"ملاحظة إضافية 5",NULL,NULL,NULL,NULL,NULL,NULL
"132",,,"""ورد في نص الند الفرعي 8207.70 عبارة أدوات للتفريز ويقصد بها (توسيع الثقوب وغير ذلك من أشغال الآلة المعروفة بالفريزة """"fraise"""")""","82077000",,,"ملاحظة إضافية 6",NULL,NULL,NULL,NULL,NULL,NULL
"133",,,"""ورد في نص البند 82.09 عبارة أطراف ورؤوس، بينما وردت في نص نفس البند بالإنكليزية، (لويحات """"plates""""وعيدان """"sticks)""""، كما لم يرد في نص الجدول المذكور أعلاه عبارة (وأصناف مماثلة """"and the like"""" ) الواردة في نص نفس البند المترجم عنه.""","82090000",,,"ملاحظة إضافية  7",NULL,NULL,NULL,NULL,NULL,NULL
"134",,,"""وردت عبارة """"غير قابلة للطي"""" في نص البندين الفرعيين 8211.91 و8211.92 بينما ورد وصف (ثابتة """"fixed """"باللغة الإنكليزية أو """"fixes """"بالفرنسية) في نص البندين الفرعيين الآنفي الذكر فيما يقابل تلك العبارة التي تعتبر شرحاً للوصف المذكور ""","82119100",,,"ملاحظة إضافية 10",NULL,NULL,NULL,NULL,NULL,NULL
"135",,,"""وردت عبارة """"غير قابلة للطي"""" في نص البندين الفرعيين 8211.91 و8211.92 بينما ورد وصف (ثابتة """"fixed """"باللغة الإنكليزية أو """"fixes """"بالفرنسية) في نص البندين الفرعيين الآنفي الذكر فيما يقابل تلك العبارة التي تعتبر شرحاً للوصف المذكور ""","82119200",,,"ملاحظة إضافية 10",NULL,NULL,NULL,NULL,NULL,NULL
"136",,,"""وردت كلمة """"أقفال"""" في نص البند الفرعي 8301.10 ويقابلها في النص الفرنسي للبند نفسه كلمة """"cadenas """"وترجمتها """"قفل نقال"""" وفقاً للمعجم كما يقابلها بالإنكليزية """"padlock """"ويعرّفها المعجم (بأنها القفل الذي يمكن وضعه ورفعه بعد الاستعمال""""a lock that can be put on and taken away"""") . كما وردت كلمة """"أغلاق"""" في نص البند الفرعي 8301.50 مقابل كلمة fermoirs """" في النص الفرنسي، وهي تعني وفقا للمعجم""""مشبك"""" يقابلها""""clasps """"في النص الإنكليزي وهي تعني إبزيم وفقاً للمعجم الذي أورد كلمة """" buckle"""" كمرادف لها.""","83011000",,,"ملاحظة إضافية 1",NULL,NULL,NULL,NULL,NULL,NULL
"137",,,"""وردت عبارة """" سلالم """" في نص البند 83.02 ويقصد بها (السلم الثابت """" الدرج"""" ويقابلها في نص نفس البند بالفرنسية """" escaliers"""" أما السلم النقال فتقابله كلمة"""" echelle"""" وفقاً للمعجم كما أن المقصود بكلمة """"ستائر"""" الواردة في نص نفس البند فهو ما يعرف محلياً """" بالأباجورات"""" . ورد تعبير """"مشاجب"""" في نص البند الفرعي 830250 ترجمة لكلمة"""" pateres"""" يقصد بها الحامل المثبت على الحائط لتعليق الملابس  support fixe a un mur pour"""" """"accrocher des vetements""","83025000",,,"ملاحظة إضافية 2",NULL,NULL,NULL,NULL,NULL,NULL
"138",,,"""وردت عبارة """"علب وصناديق للنقود أو المستندات"""" في نص البند 83.03 من جدول التعريفة الجمركية المعد وفقاً النظام المنسق وتعديلاته لعام 1996 من قبل """"الأمانة العامة الإدارة العامة للشؤون الاقتصادية، إدارة المال والتجارة والاستثمار لدى جامعة الدول العربية"""" يقابلها في نص البند نفسه بالإنكليزية """" cash or deed boxes"""" ما نص نفس البند نفسه باللغة الفرنسية فهو """" coffres et cassettes de surete """" أي """" صناديق و علب مأمونة"""".""","83030000",,,"ملاحظة إضافية 3",NULL,NULL,NULL,NULL,NULL,NULL
"139",,,"""ورد في نص الند 83.04 عبارة حوامل للأقلام """" pen trays  """" ويقابلها في نص نفس البند بالفرنسية """" plumiers """" وتعني وفقاً """" مقلمة """" وتعرف بأنها علب مستطيلة الشكل يضع فيها الطالب أقلام الحبر أو الرصاص إلخ""","83040000",,,"ملاحظة إضافية 4 ",NULL,NULL,NULL,NULL,NULL,NULL
"14",,,"""يقصد بعبارة (حبوب العصافير """"seeds Canary )""""الواردة في نص البند1008 بذور البريقة (اللامعة) فالاريس كانارينيسيس .""""Phalaris Canariensis""""""","10083000",,,"ملاحظة إضافية 2",NULL,NULL,NULL,NULL,NULL,NULL
"140",,,"""وردت في نص البند 83.05 كلمة """" تركيبات """" ويقابلها في النص الفرنسي للبند نفسه كلمة """"mecanismes """"ويقصد بها تلك التي تؤمن عمل المصنفات أو الملفات بشكل بشكل آلي  (ميكانيكي"""" يسمح بضم الأوراق وتثبيتها لأجل حفظها"""")وردت عبارة """"مشابك خارزة بشكل أمشاط""""في نص البند الفرعي8305.20 ويقابلها في النص الإنكليزي للبند نفسه عبارة """" staples in strips """" وهي تعني سلك صغير له شكل  حرف """" U """" معد لكي يغرز طرفاه في مجموعة أوراق ثم يلويان،ولكي يدخل في هذا لبند يجب أن يكون مجمعا بشكل أمشاط """" barettes"""" جاهزة للاستعمال في آلات الخرز.""","83051000",,,"ملاحظة إضافية 5",NULL,NULL,NULL,NULL,NULL,NULL
"141",,,"""وردت عبارة """"أغطية تاجية"""" في نص البند 83.09 والبند الفرعي 8309.10 في الجدول المذكور في الفقرة 3 أعلاه مقابل العبارة الواردة في نص نفس البند الفرنسي""""bouchon-couronnes """" أو """" crown corks  """" في نص نفس البند الإنكليزي وتعني كلّ من كلمة """"bouchon """"أو """" cork """" طبقا للمعاجم """" سدادة """" أما كلمة """"غطاء"""" فيقابلها بالفرنسية""""couvercle """"وبالإنكليزية """"cover """"وقد ورد وصف""""السّدادات التاجية"""" في بند فرعي وطني رقم /83/13آ في جدول تعريفة الرسوم الجمركية الصادر بدمشق عام 1989 بأنها """"سّدادات معدنية ذات حواف مشرشرة وإن كانت مبطنة بفلّين.""","83091000",,,"ملاحظة إضافية 7",NULL,NULL,NULL,NULL,NULL,NULL
"142",,,"""وردت عبارة """"مضخات تدار يدوياً"""" في نص البند الفرعي 8413.20 بينما وردت (مضخات يدوية """"pumps hand """")في النص الإنكليزي لنفس البند الفرعي و(مضخات بذراع """" pompe a bras """" )  في النص الفرنسي أما عبارة """"مضخات تدار يدوياً  فهي ترجمة لعبارة """" hand -operated pumps""""التي وردت في الشروح الإنكليزية للبند 84.10 من الجدول السابق المقابل للبند 84.13 من النظام المنسق""","84132000",,,"ملاحظة إضافية 2",NULL,NULL,NULL,NULL,NULL,NULL
"143",,,"""يشمل البند الفرعي 8414.60 أجهزة شفط الأبخرة بمراوح مندمجة بها التي تركب فوق أفران ومواقد الطبخ """"Cooker hoods """" .""","84146000",,,"ملاحظة إضافية 3",NULL,NULL,NULL,NULL,NULL,NULL
"144",,,"""تم استدراك البند الفرعي 8414.90 ونصه """"أجزاء"""" بعد أن تبين أنه ورد في جدول النظام المنسق الصادر عن منظمة الجمارك العالمية للنظام المنسق وتعديلاته لعام وسقط سهوا 1996 من قبل الأمانة العامة الإدارة العامة للشؤون  من""""جدول التعريفة الجمركية المعد وفقاً الاقتصادية، إدارة المال والتجارة والاستثمار لدى جامعة الدول العربية"""".""","84149000",,,"ملاحظة إضافية 6",NULL,NULL,NULL,NULL,NULL,NULL
"145",,,"""وردت عبارة """"من النوع المستخدم في مقصورات الركاب بالسيارات"""" في نص البند8415.20 في حين وردت هذه العبارة (من النوع المستخدم للأشخاص في السيارات) """"of a kind  used for persons, in motor vehicles"""" فينص نفس البند الفرعي باللغة الإنكليزية""","84152010",,,"ملاحظة إضافية 7",NULL,NULL,NULL,NULL,NULL,NULL
"146",,,"""وردت عبارة """"من النوع المستخدم في مقصورات الركاب بالسيارات"""" في نص البند8415.20 في حين وردت هذه العبارة (من النوع المستخدم للأشخاص في السيارات) """"of a kind  used for persons, in motor vehicles"""" فينص نفس البند الفرعي باللغة الإنكليزية""","84152090",,,"ملاحظة إضافية 7",NULL,NULL,NULL,NULL,NULL,NULL
"147",,,"يطبق الرسم المخفّض ضمن الشروط والتحفظّات التي تحددها إدارة الجمارك.","84159090",,,"ملاحظة إضافية 1",NULL,NULL,NULL,NULL,NULL,NULL
"148",,,"""تم استدراك البند الفرعي 8430.50 ونصه """" آلات وأجهزة أخر، ذاتية الدفع """" بعد أن تبين أنه ورد في جدول النظام المنسق الصادر عن منظمة الجمارك العالمية وسقط سهوا من """"جدول التعريفة الجمركية المعد للنظام المنسق وتعديلاته لعام   1996 من قبل الأمانة العامة الإدارة العامة للشؤون الاقتصادية، إدارة المال والتجارة والاستثمار لدى جامعة الدول العربية""""""","84305000",,,"ملاحظة إضافية 8",NULL,NULL,NULL,NULL,NULL,NULL
"149",,,"""قد جرى تعديل صياغة الشطر الأخير من البند الفرعي 8442.50 طبقا للشطر الأخير من البند الرئيسي 84.42 لأن نص هذين الشطرين لم يختلفا (الفرعي والرئيسي)باللغتين الفرنسية أو الإنكليزية في حين اختلفت صياغةهذين الشطرين في مؤلف""""جدول التعريفة الجمركية المعد وفقا للنظام المنسق وتعديلاته لعام 1996 من قبل الأمانة العامةالإدارة العامة للشؤون الاقتصادية، إدارة المال والتجارة والاستثمار لدى جامعة الدول العربية"""".""","84425000",,,"ملاحظة إضافية 10",NULL,NULL,NULL,NULL,NULL,NULL
"15",,,"""يقصد بعبارة """"نبت الحبوب"""" الواردة في نص البند 1104 و في نص البند الفرعي 110430 أجنة الحبوب أو رشيماتها Germs""","11043000",,,"ملاحظة إضافية 1",NULL,NULL,NULL,NULL,NULL,NULL
"150",,,"""ورد في نص البند الفرعي 8443.16 من الجدول المذكور أعلاه كلمة """"فيكسوجرافية"""" والصحيح """"فليكسوغرافية،Flexographic""""""","84431600",,,"ملاحظة إضافية 11",NULL,NULL,NULL,NULL,NULL,NULL
"151",,,"""وردت عبارة """"آلات تجميع بغرز التصنير"""" في نص البند84.47 والبند الفرعي 8447.20 ترجمة للعبارة الواردة في النص الإنكليزي لنفس البند والبند الفرعي وهي """"bonding - Stitch """"وتعني الترابط بالغرز أما العبارة المقابلة لها الواردة في النص الفرنسي للبندين المذكورين فهي """" Couture-Tricotage """" وتعني (التصنير بالخياطة)""","84472000",,,"ملاحظة إضافية 12",NULL,NULL,NULL,NULL,NULL,NULL
"152",,,"""وردت عبارة """" آلات غسل مما يستعمل في المنازل أو المحال"""" في نص البند84.50 في جدول التعريفة المعد وفقاً للنظام المنسق وتعديلاته لعام 1996 من قبل الأمانة العامة الإدارة العامة للشؤون الاقتصادية، إدارة المال والتجارة والاستثمار لدى جامعة الدول العربية"""" ترجمة لعبارة """" household or laundry-type washing machines""""الواردة في نص نفس البند باللغة الإنكليزية في حين وردت عبارة """" آلات لغسل الملابس والبياضات المنزلية """" في نص البند84.50 في جدول تعريفة الرسوم الجمركية اللبناني المعد وفقا للنظام المنسق ترجمة للعبارة الواردة في نص نفس البند باللغة الفرنسية """"  Machines a laver le linge"""".وردت عبارة """" بما فيها مكابس التثبيت الحراري """" في نص البند 84.51 وفي نص البند الفرعي 8451.30 في جدول التعريفة المعد وفقا للنظام المنسق وتعديلاته لعام 1996من قبل الأمانة العامة الإدارة العامة للشؤون الاقتصادية، إدارة المال والتجارة والاستثمار لدى جامعة الدول العربية"""" مقابل عبارة """"  compris les presses a fixery""""الواردة في النص الفرنسي لنفس البندين التى لم تتضمن كلمة (حراري) أو مقابل عبارة """"  fusing presses including """" الواردة في نص نفس البندين باللغة الإنكليزية وهي تعني """" بما فيها مكابس الصهر"""" والمقصود هو الجمع بين المعنى الوارد في هذين النصين ""","84513010",,,"ملاحظة إضافية 13",NULL,NULL,NULL,NULL,NULL,NULL
"153",,,"""وردت عبارة """"آلات أنبوبية"""" نصاً  للبند الفرعي 8455.10 في جدول التعريفة المعد وفقاً للنظام المنسق وتعديلاته لعام 1996 من قبل الأمانة العامة الإدارة العامة للشؤون الاقتصادية، إدارة المال والتجارة والاستثمار لدى جامعة الدول العربية"""" مقابل عبارة """" laminoirs a tubes """"الواردة في النص الفرنسي لنفس البند أو عبارة """" tube mills """"الواردة في النص الإنكليزي، وتبين من شرح البند84.55 أن المقصود هو آلات ثقب السبائك المربعة أو مستطيلة القواعد (بيليت) أو القضبان لصنع الأنابيب غير الملحومة أو لتقليص أو للتجهيز النهائي لمواسير من صلب مصبوب ذات الأقطار الكبيرة وبالتالي فسمك جدران هذه الأنابيب وزيادة طولها أو تجهيزها نهائيا هي ً ليست آلات أنبوبية بل هي آلات صنع أنابيب """" laminoirs pour la fabrication des tubes """"كما جاء في شروح النظام المنسق في ابتداء من سبائك أو قضبان أو لشغلها أو تجهيزها نهائياً المجلد الرابع صفحة 1369 وبالتالي هي آلات تشكيل (درفلة) أنابيب وليست آلات أنبوبية""","84551000",,,"ملاحظة إضافية 14",NULL,NULL,NULL,NULL,NULL,NULL
"154",,,"""وردت في نص البند الفرعي 8460.30 المحرر باللغة الإنكليزية عبارة (tool or cutter grinding )وترجمتها """" شحذ الأدوات والنصال القاطعة """"علاوة على العبارة الواردة في كلا النصين الفرنسي والإنكليزي والمترجمة إلى العربية بعبارة """"آلات سن أخر""""""","84603100",,,"ملاحظة إضافية 15",NULL,NULL,NULL,NULL,NULL,NULL
"155",,,"""وردت في نص البند الفرعي 8460.30 المحرر باللغة الإنكليزية عبارة (tool or cutter grinding )وترجمتها """" شحذ الأدوات والنصال القاطعة """"علاوة على العبارة الواردة في كلا النصين الفرنسي والإنكليزي والمترجمة إلى العربية بعبارة """"آلات سن أخر""""""","84603900",,,"ملاحظة إضافية 15",NULL,NULL,NULL,NULL,NULL,NULL
"156",,,"""سقطت من الجملة الأخيرة من نص البند 84.66 من الجدول المذكور أعلاه كلمة """"يدوياً"""" الواردة في النصين الفرنسي"""" pour outils ou outillage """"  والإنكليزي """" for working in the hand"""" كما ورد في نص البند """" رؤوس اللقم ذاتية الفتح """" وهي ترجمة لعبارة """" Self-Opening diheads"""" ويقصد """"برؤوس اللقم"""" رؤوس اللولبة """"dieheads"""" أو """" filieres"""" . ""","84661000",,,"ملاحظة إضافية 17",NULL,NULL,NULL,NULL,NULL,NULL
"157",,,"""وردت الجملة الأخيرة من نص البند الفرعي8470.10 من الجدول الآنف الذكر """" آلات بحجم الجيب لتسجيل وعرض المعلومات ذات وظائف حاسبة """"، في حين وصفها النصان الفرنسي والإنكليزي لنفس البند بأنها """"آلات بحجم الجيب لتسجيل وإعادة عرض المعلومات ذات وظائف حاسبة (recording,reproducing and displaying) أو """" d'enrwgister , de reproduire et d'afficher""""""","84701000",,,"ملاحظة إضافية 18",NULL,NULL,NULL,NULL,NULL,NULL
"158",,,"""وردت عبارة """"وحدات تخزين ذاكرة"""" في نصوص البنود الفرعية 8471.50 و 8471.60 و 8471.70 في جدول التعريفة المعد وفقاً للنظام المنسق وتعديلاته لعام 1996 من قبل الأمانة العامة الإدارة العامة للشؤون الاقتصادية، إدارة المال والتجارة والاستثمار لدى جامعة الدول العربية """" مقابل عبارة """" storage units """"في نص نفس البنود باللغة الإنكليزية وترجمتها """"وحدات تخزين"""" أو عبارة """" unites de memoire  """"في النص الفرنسي وترجمتها""""وحدات ذاكرة""""""","84715000",,,"ملاحظة إضافية 19",NULL,NULL,NULL,NULL,NULL,NULL
"159",,,"""وردت عبارة """"وحدات تخزين ذاكرة"""" في نصوص البنود الفرعية 8471.50 و 8471.60 و 8471.70 في جدول التعريفة المعد وفقاً للنظام المنسق وتعديلاته لعام 1996 من قبل الأمانة العامة الإدارة العامة للشؤون الاقتصادية، إدارة المال والتجارة والاستثمار لدى جامعة الدول العربية """" مقابل عبارة """" storage units """"في نص نفس البنود باللغة الإنكليزية وترجمتها """"وحدات تخزين"""" أو عبارة """" unites de memoire  """"في النص الفرنسي وترجمتها""""وحدات ذاكرة""""""","84716000",,,"ملاحظة إضافية19",NULL,NULL,NULL,NULL,NULL,NULL
"16",,,"""يقصد بكلمة """"رقائق"""" الواردة في نص البند 1105والبند الفرعي 110520 رقائق صغيرة (بشرة """"flakes. )""","11052000",,,"ملاحظة إضافية 2",NULL,NULL,NULL,NULL,NULL,NULL
"160",,,"""وردت عبارة """"وحدات تخزين ذاكرة"""" في نصوص البنود الفرعية 8471.50 و 8471.60 و 8471.70 في جدول التعريفة المعد وفقاً للنظام المنسق وتعديلاته لعام 1996 من قبل الأمانة العامة الإدارة العامة للشؤون الاقتصادية، إدارة المال والتجارة والاستثمار لدى جامعة الدول العربية """" مقابل عبارة """" storage units """"في نص نفس البنود باللغة الإنكليزية وترجمتها """"وحدات تخزين"""" أو عبارة """" unites de memoire  """"في النص الفرنسي وترجمتها""""وحدات ذاكرة""""""","84717000",,,"ملاحظة إضافية 19",NULL,NULL,NULL,NULL,NULL,NULL
"161",,,"يطبق الرسم المخفض ضمن الشروط والتحفظات التي تحددها إدارة الجمارك","85015300",,,"ملاحظة إضافية 2",NULL,NULL,NULL,NULL,NULL,NULL
"162",,,"""ينص البند الفرعي 8502.40 على """" مغيرات دوارة كهربائية """"ويقصد بها تلك التي تغير التيار من تيّار متناوب AC إلى تيّار مستمر DC وبالعكس""","85024000",,,"ملاحظة إضافية 7",NULL,NULL,NULL,NULL,NULL,NULL
"163",,,"""ينص البند الفرعي 8502.40 على """" مغيرات دوارة كهربائية """"ويقصد بها تلك التي تغير التيار من تيّار متناوب AC إلى تيّار مستمر DC وبالعكس""","85183000",,,"ملاحظة إضافية 2",NULL,NULL,NULL,NULL,NULL,NULL
"164",,,"""وردت عبارة (للذبذبات السمعية) في نص البند الرئيسي 85.18 والبند الفرعي 8518.40 من """"جدول التعريفة الجمركية المعدل وفقا النظام المنسّق و فق التعديلات 1996 """" الصادر عن """"إدارة المال والتجارة والاستثمار الإدارة العامة للشؤون الاقتصادية الأمانة العامة لجامعة الدول العربي"""" ترجمة لعبارة """"audio-frequency""""وقد ورد تفسيرها في المعجم """"موجات صوتية ذات ذبذبات (سرعات) تسطيع الأذن البشرية إلتقاطها.""","85184000",,,"ملاحظة إضافية 9",NULL,NULL,NULL,NULL,NULL,NULL
"165",,,"""وردت عبارة (قواعد لمبات """"دوي"""") في نص البند الرئيسي 85.36 والبند الفرعي 8536.61 من """"جدول التعريفة الجمركية المعدل وفقا النظام المنسّق و فق التعديلات 1996 """" الصادر عن """"إدارة المال والتجارة والاستثمار الإدارة العامة للشؤون الاقتصادية الأمانة العامة لجامعة الدول العربية"""" في حين يستفاد من شرح البند 85.39 أن كلمة """" دوي"""" تعني الأغمدة الموصولة بالتيار التي تثبت فيها قاعدة اللمبة ووصف الشرح المذكور اللمبة بأنها تتكوّ ن من غلاف من الزجاج الأبيض أو الملون يتضمن شعيرات التوهج تتضمن قاعدته (كيلوت """"culot )""""وصلات لمرور التيار ووصف هذه القاعدة بأنها تكون ملولبة أو ذات نتوء لتثبيتها في الأغمدة الموصولة بالتيار(سوكات """"دوي douilles )""""وبالتالي فإن كلمة """" دوي"""" تعني غمد، أو ماسكات لمبات كما وردت تسميتها باللغة بالإنكليزية """"lamp-holders """"و (كيلوت""""culot )""""تعني قاعدة وورد تفسير كلمة """"culot """"في معجم الروس بأنها قاعدة اللمبة المعدنية المعدة للتتثبيت في الغمد """"دوي"""" وفسر كلمة """"دوي """"douille بأنها القطعة التي تثبت فيها قاعدة اللمبة وترجمها معجم المنهل بكلمة """"غمد"""" وهي الكلمة المستعملة في جدول تعريفة النظام المنسق اللبناني نسخة عام 1996 ويقابلها بالإنكليزية وفقا للمعجم الآنف الذكر كلمة """"socket """"وتعرف محلياً في الجمهورية العربية السورية بكلمة """" سوكة أو سوك"""" وترجم معجم المورد كلمة """" socket """" بكلمة """"مقبس.""","85366100",,,"ملاحظة إضافية 5",NULL,NULL,NULL,NULL,NULL,NULL
"166",,,"""يقصد بعبارة """"مصابيح مقفلة """" سيلد بيم """" Seald beam الواردة في نص البند الفرعي 8539.10 مصابيح السيارات المعدة بشكل وحدات مقفلة تضم العدسة والعاكس و شعيرات التوهج في جسم واحد مقفل بشكل محكم .""""seald"""" ""","85391000",,,"ملاحظة إضافية 6",NULL,NULL,NULL,NULL,NULL,NULL
"167",,,"""يستوفى رسم نسبي مقطوع غير خاضع لأي ضميمة بمعدل %15 من القيمة عند وضع الجرارات في الاستهلاك بعد أن تكون قد منحت وضع الإدخال أو الاستيراد المؤقت (مرسوم تشريعي رقم 271 تاريخ: 4/11/1969 . """"لا تخضع لهذا الرسم النسبي المقطوع الجرارات المدخلة مؤقتا إلى أجنحة معرض دمشق الدولي في حال وضعها بالاستهلاك""""(كتاب وزارة المالية رقم 1994/6/4 تاريخ: 7/10/1971).""","87011010",,,"ملاحظة إضافية 1",NULL,NULL,NULL,NULL,NULL,NULL
"168",,,"""يستوفى رسم نسبي مقطوع غير خاضع لأي ضميمة بمعدل %15 من القيمة عند وضع الجرارات في الاستهلاك بعد أن تكون قد منحت وضع الإدخال أو الاستيراد المؤقت (مرسوم تشريعي رقم 271 تاريخ: 4/11/1969 . """"لا تخضع لهذا الرسم النسبي المقطوع الجرارات المدخلة مؤقتا إلى أجنحة معرض دمشق الدولي في حال وضعها بالاستهلاك""""(كتاب وزارة المالية رقم 1994/6/4 تاريخ: 7/10/1971).""","87011090",,,"ملاحظة إضافية 1",NULL,NULL,NULL,NULL,NULL,NULL
"169",,,"""يستوفى رسم نسبي مقطوع غير خاضع لأي ضميمة بمعدل %15 من القيمة عند وضع الجرارات في الاستهلاك بعد أن تكون قد منحت وضع الإدخال أو الاستيراد المؤقت (مرسوم تشريعي رقم 271 تاريخ: 4/11/1969 . """"لا تخضع لهذا الرسم النسبي المقطوع الجرارات المدخلة مؤقتا إلى أجنحة معرض دمشق الدولي في حال وضعها بالاستهلاك""""(كتاب وزارة المالية رقم 1994/6/4 تاريخ: 7/10/1971).""","87013010",,,"ملاحظة إضافية 1",NULL,NULL,NULL,NULL,NULL,NULL
"17",,,"""يقصد بعبارة """"لب النارجيل"""" الواردة في نص البند 1203"""" نوى جوز الهند""""""","12030000",,,"ملاحظة إضافية 3",NULL,NULL,NULL,NULL,NULL,NULL
"170",,,"""يستوفى رسم نسبي مقطوع غير خاضع لأي ضميمة بمعدل %15 من القيمة عند وضع الجرارات في الاستهلاك بعد أن تكون قد منحت وضع الإدخال أو الاستيراد المؤقت (مرسوم تشريعي رقم 271 تاريخ: 4/11/1969 . """"لا تخضع لهذا الرسم النسبي المقطوع الجرارات المدخلة مؤقتا إلى أجنحة معرض دمشق الدولي في حال وضعها بالاستهلاك""""(كتاب وزارة المالية رقم 1994/6/4 تاريخ: 7/10/1971).""","87013090",,,"ملاحظة إضافية 1",NULL,NULL,NULL,NULL,NULL,NULL
"171",,,"""يستوفى رسم نسبي مقطوع غير خاضع لأي ضميمة بمعدل %15 من القيمة عند وضع الجرارات في الاستهلاك بعد أن تكون قد منحت وضع الإدخال أو الاستيراد المؤقت (مرسوم تشريعي رقم 271 تاريخ: 4/11/1969 . """"لا تخضع لهذا الرسم النسبي المقطوع الجرارات المدخلة مؤقتا إلى أجنحة معرض دمشق الدولي في حال وضعها بالاستهلاك""""(كتاب وزارة المالية رقم 1994/6/4 تاريخ: 7/10/1971).""","87019110",,,"ملاحظة إضافية 1",NULL,NULL,NULL,NULL,NULL,NULL
"172",,,"""يستوفى رسم نسبي مقطوع غير خاضع لأي ضميمة بمعدل %15 من القيمة عند وضع الجرارات في الاستهلاك بعد أن تكون قد منحت وضع الإدخال أو الاستيراد المؤقت (مرسوم تشريعي رقم 271 تاريخ: 4/11/1969 . """"لا تخضع لهذا الرسم النسبي المقطوع الجرارات المدخلة مؤقتا إلى أجنحة معرض دمشق الدولي في حال وضعها بالاستهلاك""""(كتاب وزارة المالية رقم 1994/6/4 تاريخ: 7/10/1971).""","87019191",,,"ملاحظة إضافية 1",NULL,NULL,NULL,NULL,NULL,NULL
"173",,,"""يستوفى رسم نسبي مقطوع غير خاضع لأي ضميمة بمعدل %15 من القيمة عند وضع الجرارات في الاستهلاك بعد أن تكون قد منحت وضع الإدخال أو الاستيراد المؤقت (مرسوم تشريعي رقم 271 تاريخ: 4/11/1969 . """"لا تخضع لهذا الرسم النسبي المقطوع الجرارات المدخلة مؤقتا إلى أجنحة معرض دمشق الدولي في حال وضعها بالاستهلاك""""(كتاب وزارة المالية رقم 1994/6/4 تاريخ: 7/10/1971).""","87019199",,,"ملاحظة إضافية 1",NULL,NULL,NULL,NULL,NULL,NULL
"174",,,"""يستوفى رسم نسبي مقطوع غير خاضع لأي ضميمة بمعدل %15 من القيمة عند وضع الجرارات في الاستهلاك بعد أن تكون قد منحت وضع الإدخال أو الاستيراد المؤقت (مرسوم تشريعي رقم 271 تاريخ: 4/11/1969 . """"لا تخضع لهذا الرسم النسبي المقطوع الجرارات المدخلة مؤقتا إلى أجنحة معرض دمشق الدولي في حال وضعها بالاستهلاك""""(كتاب وزارة المالية رقم 1994/6/4 تاريخ: 7/10/1971).""","87019210",,,"ملاحظة إضافية 1",NULL,NULL,NULL,NULL,NULL,NULL
"175",,,"""يستوفى رسم نسبي مقطوع غير خاضع لأي ضميمة بمعدل %15 من القيمة عند وضع الجرارات في الاستهلاك بعد أن تكون قد منحت وضع الإدخال أو الاستيراد المؤقت (مرسوم تشريعي رقم 271 تاريخ: 4/11/1969 . """"لا تخضع لهذا الرسم النسبي المقطوع الجرارات المدخلة مؤقتا إلى أجنحة معرض دمشق الدولي في حال وضعها بالاستهلاك""""(كتاب وزارة المالية رقم 1994/6/4 تاريخ: 7/10/1971).""","87019291",,,"ملاحظة إضافية 1",NULL,NULL,NULL,NULL,NULL,NULL
"176",,,"""يستوفى رسم نسبي مقطوع غير خاضع لأي ضميمة بمعدل %15 من القيمة عند وضع الجرارات في الاستهلاك بعد أن تكون قد منحت وضع الإدخال أو الاستيراد المؤقت (مرسوم تشريعي رقم 271 تاريخ: 4/11/1969 . """"لا تخضع لهذا الرسم النسبي المقطوع الجرارات المدخلة مؤقتا إلى أجنحة معرض دمشق الدولي في حال وضعها بالاستهلاك""""(كتاب وزارة المالية رقم 1994/6/4 تاريخ: 7/10/1971).""","87019299",,,"ملاحظة إضافية 1",NULL,NULL,NULL,NULL,NULL,NULL
"177",,,"""يستوفى رسم نسبي مقطوع غير خاضع لأي ضميمة بمعدل %15 من القيمة عند وضع الجرارات في الاستهلاك بعد أن تكون قد منحت وضع الإدخال أو الاستيراد المؤقت (مرسوم تشريعي رقم 271 تاريخ: 4/11/1969 . """"لا تخضع لهذا الرسم النسبي المقطوع الجرارات المدخلة مؤقتا إلى أجنحة معرض دمشق الدولي في حال وضعها بالاستهلاك""""(كتاب وزارة المالية رقم 1994/6/4 تاريخ: 7/10/1971).""","87019310",,,"ملاحظة إضافية 1",NULL,NULL,NULL,NULL,NULL,NULL
"178",,,"""يستوفى رسم نسبي مقطوع غير خاضع لأي ضميمة بمعدل %15 من القيمة عند وضع الجرارات في الاستهلاك بعد أن تكون قد منحت وضع الإدخال أو الاستيراد المؤقت (مرسوم تشريعي رقم 271 تاريخ: 4/11/1969 . """"لا تخضع لهذا الرسم النسبي المقطوع الجرارات المدخلة مؤقتا إلى أجنحة معرض دمشق الدولي في حال وضعها بالاستهلاك""""(كتاب وزارة المالية رقم 1994/6/4 تاريخ: 7/10/1971).""","87019391",,,"ملاحظة إضافية 1",NULL,NULL,NULL,NULL,NULL,NULL
"179",,,"""يستوفى رسم نسبي مقطوع غير خاضع لأي ضميمة بمعدل %15 من القيمة عند وضع الجرارات في الاستهلاك بعد أن تكون قد منحت وضع الإدخال أو الاستيراد المؤقت (مرسوم تشريعي رقم 271 تاريخ: 4/11/1969 . """"لا تخضع لهذا الرسم النسبي المقطوع الجرارات المدخلة مؤقتا إلى أجنحة معرض دمشق الدولي في حال وضعها بالاستهلاك""""(كتاب وزارة المالية رقم 1994/6/4 تاريخ: 7/10/1971).""","87019399",,,"ملاحظة إضافية 1",NULL,NULL,NULL,NULL,NULL,NULL
"18",,,"يطبق الرسم المخفض ضمن الشروط والتحفظات التي تحددها إدارة الجمارك","15071000",,,"ملاحظة إضافية 1",NULL,NULL,NULL,NULL,NULL,NULL
"180",,,"""يستوفى رسم نسبي مقطوع غير خاضع لأي ضميمة بمعدل %15 من القيمة عند وضع الجرارات في الاستهلاك بعد أن تكون قد منحت وضع الإدخال أو الاستيراد المؤقت (مرسوم تشريعي رقم 271 تاريخ: 4/11/1969 . """"لا تخضع لهذا الرسم النسبي المقطوع الجرارات المدخلة مؤقتا إلى أجنحة معرض دمشق الدولي في حال وضعها بالاستهلاك""""(كتاب وزارة المالية رقم 1994/6/4 تاريخ: 7/10/1971).""","87019410",,,"ملاحظة إضافية 1",NULL,NULL,NULL,NULL,NULL,NULL
"181",,,"""يستوفى رسم نسبي مقطوع غير خاضع لأي ضميمة بمعدل %15 من القيمة عند وضع الجرارات في الاستهلاك بعد أن تكون قد منحت وضع الإدخال أو الاستيراد المؤقت (مرسوم تشريعي رقم 271 تاريخ: 4/11/1969 . """"لا تخضع لهذا الرسم النسبي المقطوع الجرارات المدخلة مؤقتا إلى أجنحة معرض دمشق الدولي في حال وضعها بالاستهلاك""""(كتاب وزارة المالية رقم 1994/6/4 تاريخ: 7/10/1971).""","87019499",,,"ملاحظة إضافية 1",NULL,NULL,NULL,NULL,NULL,NULL
"182",,,"""يستوفى رسم نسبي مقطوع غير خاضع لأي ضميمة بمعدل %15 من القيمة عند وضع الجرارات في الاستهلاك بعد أن تكون قد منحت وضع الإدخال أو الاستيراد المؤقت (مرسوم تشريعي رقم 271 تاريخ: 4/11/1969 . """"لا تخضع لهذا الرسم النسبي المقطوع الجرارات المدخلة مؤقتا إلى أجنحة معرض دمشق الدولي في حال وضعها بالاستهلاك""""(كتاب وزارة المالية رقم 1994/6/4 تاريخ: 7/10/1971).""","87019510",,,"ملاحظة إضافية 1",NULL,NULL,NULL,NULL,NULL,NULL
"183",,,"""يستوفى رسم نسبي مقطوع غير خاضع لأي ضميمة بمعدل %15 من القيمة عند وضع الجرارات في الاستهلاك بعد أن تكون قد منحت وضع الإدخال أو الاستيراد المؤقت (مرسوم تشريعي رقم 271 تاريخ: 4/11/1969 . """"لا تخضع لهذا الرسم النسبي المقطوع الجرارات المدخلة مؤقتا إلى أجنحة معرض دمشق الدولي في حال وضعها بالاستهلاك""""(كتاب وزارة المالية رقم 1994/6/4 تاريخ: 7/10/1971).""","87019591",,,"ملاحظة إضافية 1",NULL,NULL,NULL,NULL,NULL,NULL
"184",,,"""يستوفى رسم نسبي مقطوع غير خاضع لأي ضميمة بمعدل %15 من القيمة عند وضع الجرارات في الاستهلاك بعد أن تكون قد منحت وضع الإدخال أو الاستيراد المؤقت (مرسوم تشريعي رقم 271 تاريخ: 4/11/1969 . """"لا تخضع لهذا الرسم النسبي المقطوع الجرارات المدخلة مؤقتا إلى أجنحة معرض دمشق الدولي في حال وضعها بالاستهلاك""""(كتاب وزارة المالية رقم 1994/6/4 تاريخ: 7/10/1971).""","87019599",,,"ملاحظة إضافية 1",NULL,NULL,NULL,NULL,NULL,NULL
"185",,,"يطبق الرسم المخفض ضمن الشروط والتحفظات التي تحددها إدارة الجمارك -2- إن السيارات المستوردة التي تستفيد من الرسم المخفض تخضع لدى التنازل عنها للغير إلى الرسم العادي ضمن الشروط والتحفظات التي تحددها إدارة الجمارك (مذكرة الإدارة رقم 2150/ د/ 79 تاريخ: 1979/1/25).","87021010",,,"ملاحظة إضافية 2",NULL,NULL,NULL,NULL,NULL,NULL
"186",,,"يطبق الرسم المخفض ضمن الشروط والتحفظات التي تحددها إدارة الجمارك -2- إن السيارات المستوردة التي تستفيد من الرسم المخفض تخضع لدى التنازل عنها للغير إلى الرسم العادي ضمن الشروط والتحفظات التي تحددها إدارة الجمارك (مذكرة الإدارة رقم 2150/ د/ 79 تاريخ: 1979/1/25).","87022010",,,"ملاحظة إضافية 2",NULL,NULL,NULL,NULL,NULL,NULL
"187",,,"يطبق الرسم المخفض ضمن الشروط والتحفظات التي تحددها إدارة الجمارك -2- إن السيارات المستوردة التي تستفيد من الرسم المخفض تخضع لدى التنازل عنها للغير إلى الرسم العادي ضمن الشروط والتحفظات التي تحددها إدارة الجمارك (مذكرة الإدارة رقم 2150/ د/ 79 تاريخ: 1979/1/25).","87023010",,,"ملاحظة إضافية 2",NULL,NULL,NULL,NULL,NULL,NULL
"188",,,"يطبق الرسم المخفض ضمن الشروط والتحفظات التي تحددها إدارة الجمارك -2- إن السيارات المستوردة التي تستفيد من الرسم المخفض تخضع لدى التنازل عنها للغير إلى الرسم العادي ضمن الشروط والتحفظات  التي تحددها إدارة الجمارك (مذكرة الإدارة رقم 2150/ د/ 79 تاريخ: 1979/1/25).","87024010",,,"ملاحظة إضافية 2",NULL,NULL,NULL,NULL,NULL,NULL
"189",,,"""قصد بكراسي أطباّء الأسنان """" dentists' chairs """"بما فيها (الكراسي -الأسرة للتخدير """"chair-beds)"""": الكراسي التي يجلس عليها المرضى وقد وصفتها في الفقرة 12 من شرح البند 94.02 التي إستبعدت ما كان منها مندمجاً بمعدات طب الأسنان التي تدخل في البند 9018 بأنها تكون غالباً مزودة بآلية تلسكوبية تسمح برفع الكرسي أو إمالته وأحياناً بدوارانه حول عامود مركزي وإن وردت مزودة بجهاز إنارة أما المقاعد الخاصة بالأطباء              """"special seats for doctors and sergeons""""  فقد ورد وصفها في الفقرة /5/ من شرح البند. ووردت ترجمة كلمة """"chairs"""" في معجم المورد """" كراسي"""" مما أدى إلى الاستعاضة عن كلمة """" مقاعد"""" الواردة في جدول التعريفة الجمركية الصادر عن الجامعة العربية بكلمة كراسي تمييزا لها عن مقاعد الأطباء المترجمة عن كلمة """" seats""""  المذكور أعلاه.""","94021000",,,"ملاحظة إضافية 1",NULL,NULL,NULL,NULL,NULL,NULL
"19",,,"يسستوفى رسم انفاق استهلاكي على مشتملات البنود 1805 – 1806 بمعدل 3 %من القيمة المتخذة أساساً لتحديد الرسوم الجمركية مضافاً إليها الرسوم الجمركية وغيرها من الرسوم (المرسوم التشريعي رقم  11 :تاريخ 28-1-2015","18050000",,,"ملاحظة إضافية 1",NULL,NULL,NULL,NULL,NULL,NULL
"190",,,"إن ورق اللعب المستورد يخضع للختم ضمن الشروط المحددة في النظام الجمركي","95044000",,,"ملاحظة إضافية 1",NULL,NULL,NULL,NULL,NULL,NULL
"191",,,"يطبق الرسم المخفض ضمن الشروط والتحفظات التي تحددها إدارة الجمارك","96020010",,,"ملاحظة إضافية 1",NULL,NULL,NULL,NULL,NULL,NULL
"2",,,"يطبق الرسم المخفض ضمن الشروط والتحفظات التي تحددها إدارة الجمارك","07133110",,,"ملاحظة إضافية 1",NULL,NULL,NULL,NULL,NULL,NULL
"20",,,"يستوفى رسم انفاق استهلاكي عن مشتملات البند الرئيسي 2009 بمعدل 5 %من القيمة المتخذة أساس لحساب الرسوم الجمركية مضافا إليها الرسوم الجمركية وغيرها من الرسوم (بموجب المرسوم التشريعي رقم 11 لعام 2015).","20060000",,,"ملاحظة إضافية 1",NULL,NULL,NULL,NULL,NULL,NULL
"21",,,"يطبق الرسم المخفض ضمن الشروط والتحفظات التي تحددها إدارة الجمارك","20060000",,,"ملاحظة إضافية 2",NULL,NULL,NULL,NULL,NULL,NULL
"22",,,"""وردت عبارة """"بطريقة التقطير"""" في نص البند 2006 في جدول التعريفة الجمركية وفق النظام المتناسق ووفق التعديلات 1996 الصادر عن إدارة المال والتجارة والاستثمار الإدارة العامة للشؤون الاقتصادية الأمانة العامة لجامعة الدول العربية ترجمة لكلمة """"drained """"الواردة في نص نفس البند باللغة الأنكليزية أو """"egoutte """"في النص الفرنسي بينما وردت ترجمة هاتين الكلمتين في المعاجم """"مصفاة"""" كما وردت ترجمتها في شرح البند المذكور """"يصفى"""" وذلك في سياق عبارة (وبعد ان تتشبع الفواكه يصفى السائل الزائد) أما كلمة تقطير فهي ترجمة  لكلمة """"distillation """"وهي تعني عملية التبخير الجزئي للمخاليط السائلة ثم تكثيف الأبخرة المتكونة منها لفصلها عن بعضها، كتقطير النفط أو تقطير الخمر للحصول على الكحول.""","20060000",,,"ملاحظة إضافية 3",NULL,NULL,NULL,NULL,NULL,NULL
"23",,,"يطبق الرسم المخفض ضمن الشروط والتحفظات التي تحددها إدارة الجمارك","20087000",,,"ملاحظة إضافية 2",NULL,NULL,NULL,NULL,NULL,NULL
"24",,,"يطبق الرسم المخفض ضمن الشروط والتحفظات التي تحددها إدارة الجمارك","20091910",,,"ملاحظة إضافية 2",NULL,NULL,NULL,NULL,NULL,NULL
"25",,,"يطبق الرسم المخفض ضمن الشروط والتحفظات التي تحددها إدارة الجمارك","20092110",,,"ملاحظة إضافية 2",NULL,NULL,NULL,NULL,NULL,NULL
"26",,,"يطبق الرسم المخفض ضمن الشروط والتحفظات التي تحددها إدارة الجمارك","20093110",,,"ملاحظة إضافية 2",NULL,NULL,NULL,NULL,NULL,NULL
"27",,,"يطبق الرسم المخفض ضمن الشروط والتحفظات التي تحددها إدارة الجمارك","20093910",,,"ملاحظة إضافية 2",NULL,NULL,NULL,NULL,NULL,NULL
"28",,,"يطبق الرسم المخفض ضمن الشروط والتحفظات التي تحددها إدارة الجمارك","20094110",,,"ملاحظة إضافية 2",NULL,NULL,NULL,NULL,NULL,NULL
"29",,,"يطبق الرسم المخفض ضمن الشروط والتحفظات التي تحددها إدارة الجمارك","20094910",,,"ملاحظة إضافية 2",NULL,NULL,NULL,NULL,NULL,NULL
"3",,,"يطبق الرسم المخفض ضمن الشروط والتحفظات التي تحددها إدارة الجمارك","07133210",,,"ملاحظة إضافية 1",NULL,NULL,NULL,NULL,NULL,NULL
"30",,,"يطبق الرسم المخفض ضمن الشروط والتحفظات التي تحددها إدارة الجمارك","20096110",,,"ملاحظة إضافية 2",NULL,NULL,NULL,NULL,NULL,NULL
"31",,,"يطبق الرسم المخفض ضمن الشروط والتحفظات التي تحددها إدارة الجمارك","20097910",,,"ملاحظة إضافية 2",NULL,NULL,NULL,NULL,NULL,NULL
"32",,,"يستوفى رسم الانفاق الاسهلاكي عن المشروبات الغازية من مشتملات البندين 2201 و 2202 بمعدل 5 %من القيمة المتخذة أساسا لحساب  الرسوم الجمركية مضافا إليها الرسوم الجمركية و غيرها من الرسوم بموجب المرسوم التشريعي رقم 11 لعام 2015.","22019000",,,"ملاحظة إضافية 3",NULL,NULL,NULL,NULL,NULL,NULL
"33",,,"يستوفى رسم انفاق استهلاكي عن مشتملات البنود الرئيسية من 22,03 إلى 22,08 بمعدل 20 % من القيمة المتخذة اساساً لحساب الرسوم الجمركية مضافا إليها الرسوم الجمركية و غيرها من الرسوم (بموجب المرسوم التشريعي رقم 11 لعام2015).","22030000",,,"ملاحظة إضافية 1",NULL,NULL,NULL,NULL,NULL,NULL
"34",,,"يستوفى رسم انفاق استهلاكي عن مشتملات البنود الرئيسية من 22,03 إلى 22,08 بمعدل 20 % من القيمة المتخذة اساساً لحساب الرسوم الجمركية مضافا إليها الرسوم الجمركية و غيرها من الرسوم (بموجب المرسوم التشريعي رقم 11 لعام2015).","22060000",,,"ملاحظة إضافية 1",NULL,NULL,NULL,NULL,NULL,NULL
"35",,,"يستوفى رسم انفاق استهلاكي عن مشتملات البنود الرئيسية من 22,03 إلى 22,08 بمعدل 20 % من القيمة المتخذة اساساً لحساب الرسوم الجمركية مضافا إليها الرسوم الجمركية و غيرها من الرسوم (بموجب المرسوم التشريعي رقم 11 لعام2015).","22082000",,,"ملاحظة إضافية 1",NULL,NULL,NULL,NULL,NULL,NULL
"36",,,"يستوفى رسم انفاق استهلاكي عن مشتملات البنود الرئيسية من 22,03 إلى 22,08 بمعدل 20 % من القيمة المتخذة اساساً لحساب الرسوم الجمركية مضافا إليها الرسوم الجمركية و غيرها من الرسوم (بموجب المرسوم التشريعي رقم 11 لعام2015).","22083000",,,"ملاحظة إضافية 1",NULL,NULL,NULL,NULL,NULL,NULL
"37",,,"يستوفى رسم انفاق استهلاكي عن مشتملات البنود الرئيسية من 22,03 إلى 22,08 بمعدل 20 % من القيمة المتخذة اساساً لحساب الرسوم الجمركية مضافا إليها الرسوم الجمركية و غيرها من الرسوم (بموجب المرسوم التشريعي رقم 11 لعام2015).","22084000",,,"ملاحظة إضافية 1",NULL,NULL,NULL,NULL,NULL,NULL
"38",,,"يستوفى رسم انفاق استهلاكي عن مشتملات البنود الرئيسية من 22,03 إلى 22,08 بمعدل 20 % من القيمة المتخذة اساساً لحساب الرسوم الجمركية مضافا إليها الرسوم الجمركية و غيرها من الرسوم (بموجب المرسوم التشريعي رقم 11 لعام2015).","22085000",,,"ملاحظة إضافية 1",NULL,NULL,NULL,NULL,NULL,NULL
"39",,,"يستوفى رسم انفاق استهلاكي عن مشتملات البنود الرئيسية من 22,03 إلى 22,08 بمعدل 20 % من القيمة المتخذة اساساً لحساب الرسوم الجمركية مضافا إليها الرسوم الجمركية و غيرها من الرسوم (بموجب المرسوم التشريعي رقم 11 لعام2015).","22086000",,,"ملاحظة إضافية 1",NULL,NULL,NULL,NULL,NULL,NULL
"4",,,"يطبق الرسم المخفض ضمن الشروط والتحفظات التي تحددها إدارة الجمارك","07133310",,,"ملاحظة إضافية 1",NULL,NULL,NULL,NULL,NULL,NULL
"40",,,"يستوفى رسم انفاق استهلاكي عن مشتملات البنود الرئيسية من 22,03 إلى 22,08 بمعدل 20 % من القيمة المتخذة اساساً لحساب الرسوم الجمركية مضافا إليها الرسوم الجمركية و غيرها من الرسوم (بموجب المرسوم التشريعي رقم 11 لعام2015).","22087000",,,"ملاحظة إضافية 1",NULL,NULL,NULL,NULL,NULL,NULL
"41","لا يشمل هذا الفصل: أ- زهر الكبريت )الكبريت المصعّد( والكبريت المرسّب أوالكبريت الغروي )البند 02.28) -ب- الأتربة الملونة التي تحوي على 70 %وزنا أو أكثر من الحديد المتحد مقدراً كأوكسيد الحديديك Fe2O3( البند 2821) -ج- األدوية أو المنتجات األخرى الداخلة في الفصل 30 -د-  محضرات العطور أو التطرية أو التجميل (الفصل 33) -ه- مزيج دولوميت للحشو (البند 16.38) -و- ترابيع وأحجار تبليط ورصف الطرق )البند 01.68 )مكعبات الفسيفساء ومايماثلها (البند 02.68)؛ ألواح األردواز للسقوف والواجهات (البند 03.68) -ز- الأحجار الكريمة وشبه الكريمة (البند 02.71 )أو (البند 03.71) -ح- البلورات المزروعة (عدا العناصر البصرية) التي لايقل وزن الواحدة منها عن 2.5 غم، من كلوريد الصوديوم أو أوكسيد المغنيزيوم، الداخلة في البند 3824؛ والعناصر البصرية من كلوريد الصوديوم أو أوكسيد المغنيزيوم (البند 9010) -ط- طباشير البلياردو(البند9504) -ي- طباشير الكتابة أو الرسم أو طباشير الخياطين (البند 9609)",,"يطبق الرسم المخفض ضمن الشروط والتحفظات التي تحددها إدارة الجمارك","25090000","ملاحظة 2",,"ملاحظة إضافية 1",NULL,NULL,NULL,NULL,NULL,NULL
"42",,,"""ورد رمز حمض البوريك في نص البند 2528"""" HBO """"وتبين لدى الإطلاع على الأصل المترجم أنها """"H3BO3 """"""","25280000",,,"ملاحظة إضافية 3",NULL,NULL,NULL,NULL,NULL,NULL
"43",,,"""وردت كلمة (كوك) """"coke """"في نص البند 27,04 وترجمتها """"مجمَّر"""" ويقصد بها البقايا الصلبة الناتجة عن التقطير (أو الكربنة """"carbonisaton """"أو الحصول على الغاز""""gasification )""""من الفحم الحجري أو اللجنيت أو الخنور ويمكن الحصول عليها في أفران الكوك من أصناف مختلفة من الفحم القاري.""","27040000",,,"ملاحظة إضافية 8",NULL,NULL,NULL,NULL,NULL,NULL
"44","تدخل هذه المادة في البند 3304 عندما ترد مهيأة للبيع بالتجزئة",,"يطبق الرسم المخفض ضمن الشروط والتحفظات التي تحددها إدارة الجمارك","27121000","ملاحظة  أ",,"ملاحظة إضافية 2",NULL,NULL,NULL,NULL,NULL,NULL
"45",,,"""تكررت كلمة """"قطران"""" في كافة العبارات الواردة في نص البند27,15 في""""جدول التعريفة الجمركية وفق النظام المنسّق وفق التعديلات 1996 """"الصادر عن """"إدارة المال والتجارة والإستثمار الإدارة العامة للشؤون الإقتصادية الأمانة العامة لجامعة الدول العربية"""" وبذلك يكون الجدول المذكور قد ترجم كلمتي """"tar , bitumen """"الواردتين في النص الإنكليزي لهذا البند وكلمتي"""" goudron, bitume """" في النص الفرنسي بكلمة """"قطران"""" في حين أن الأولى تعني القار والثانية تعني القطران طبقا لما هو وارد في نص البند المقابل له رقم 16 . 27 س  من جدول تعريفة الرسوم الجمركية الصادر بدمشق عام 1989 علماً بأن النص المترجم والمنقول حرفيا عن جدول مجلس التعاون الجمركي السابق إلى النظام المنسق الحالي لم يطرأ عليه أي تعديل منذ عام 1968""","27150000",,,"ملاحظة إضافية 6",NULL,NULL,NULL,NULL,NULL,NULL
"46",,,"يحدد معدل رسم البند رقم16, 27 لاحقاً وفقا للمادة 12 من قانون الجمارك الصادر بالقانون رقم 9 تاريخ للمادة 12 من قانون الجمارك الصادر بالقانون رقم 9 تاريخ 75/7/16 بإعتبار أنه بند جديد بإعتبار أنه بند جديد لا وجود له في التعريفة السابقة.","27160000",,,"ملاحظة إضافية 7",NULL,NULL,NULL,NULL,NULL,NULL
"47",,,""" يشير الرمز """"INN """"إلى أن التسمية معترف بها باعتبارها (""""  International non- proprietary name"""" تسمية دولية غير مملوكة) للمواد الكيمياوية المنشورة من قبل منظمة الصحة العالمية.""","29242400",,,"ملاحظة إضافية 4 ",NULL,NULL,NULL,NULL,NULL,NULL
"48",,,"يشمل البند الفرعي 29395100 أيضا الهيدروكلورايدالفينيليتين (fenethylline hydrochloride  )المعروف تجارياً بالكبتاغون.","29291000",,,"ملاحظة إضافية 2",NULL,NULL,NULL,NULL,NULL,NULL
"49",,,""" يشير الرمز """"INN """"إلى أن التسمية معترف بها باعتبارها (""""  International non- proprietary name"""" تسمية دولية غير مملوكة) للمواد الكيمياوية المنشورة من قبل منظمة الصحة العالمية.""","29333300",,,"ملاحظة إضافية 4 ",NULL,NULL,NULL,NULL,NULL,NULL
"5",,,"يطبق الرسم المخفض ضمن الشروط والتحفظات التي تحددها إدارة الجمارك","07133910",,,"ملاحظة إضافية 1",NULL,NULL,NULL,NULL,NULL,NULL
"50",,,""" يشير الرمز """"INN """"إلى أن التسمية معترف بها باعتبارها (""""  International non- proprietary name"""" تسمية دولية غير مملوكة) للمواد الكيمياوية المنشورة من قبل منظمة الصحة العالمية.""","29334100",,,"ملاحظة إضافية 4 ",NULL,NULL,NULL,NULL,NULL,NULL
"51",,,""" يشير الرمز """"INN """"إلى أن التسمية معترف بها باعتبارها (""""  International non- proprietary name"""" تسمية دولية غير مملوكة) للمواد الكيمياوية المنشورة من قبل منظمة الصحة العالمية.""","29335300",,,"ملاحظة إضافية 4 ",NULL,NULL,NULL,NULL,NULL,NULL
"52",,,""" يشير الرمز """"INN """"إلى أن التسمية معترف بها باعتبارها (""""  International non- proprietary name"""" تسمية دولية غير مملوكة) للمواد الكيمياوية المنشورة من قبل منظمة الصحة العالمية.""","29335500",,,"ملاحظة إضافية 4 ",NULL,NULL,NULL,NULL,NULL,NULL
"53",,,""" يشير الرمز """"INN """"إلى أن التسمية معترف بها باعتبارها (""""  International non- proprietary name"""" تسمية دولية غير مملوكة) للمواد الكيمياوية المنشورة من قبل منظمة الصحة العالمية.""","29337200",,,"ملاحظة إضافية 4 ",NULL,NULL,NULL,NULL,NULL,NULL
"54",,,""" يشير الرمز """"INN """"إلى أن التسمية معترف بها باعتبارها (""""  International non- proprietary name"""" تسمية دولية غير مملوكة) للمواد الكيمياوية المنشورة من قبل منظمة الصحة العالمية.""","29339100",,,"ملاحظة إضافية 4 ",NULL,NULL,NULL,NULL,NULL,NULL
"55",,,""" يشير الرمز """"INN """"إلى أن التسمية معترف بها باعتبارها (""""  International non- proprietary name"""" تسمية دولية غير مملوكة) للمواد الكيمياوية المنشورة من قبل منظمة الصحة العالمية.""","29349100",,,"ملاحظة إضافية 4 ",NULL,NULL,NULL,NULL,NULL,NULL
"56",,,""" يشير الرمز """"INN """"إلى أن التسمية معترف بها باعتبارها (""""  International non- proprietary name"""" تسمية دولية غير مملوكة) للمواد الكيمياوية المنشورة من قبل منظمة الصحة العالمية.""","29391100",,,"ملاحظة إضافية 4 ",NULL,NULL,NULL,NULL,NULL,NULL
"57",,,""" يشير الرمز """"INN """"إلى أن التسمية معترف بها باعتبارها (""""  International non- proprietary name"""" تسمية دولية غير مملوكة) للمواد الكيمياوية المنشورة من قبل منظمة الصحة العالمية.""","29395100",,,"ملاحظة إضافية 4 ",NULL,NULL,NULL,NULL,NULL,NULL
"58",,,"""وردت عبارة """"ألوان مرسبة (لك)"""" في نص البند32,05 في""""جدول التعريفة الجمركية المعد وفقا للنظام المتناسق وتعديالته لعام 1996 من قبل الأمانة العامة الإدارة العامة للشؤون الاقتصادية إدارة المال والتجارة والاستثمار لدى جامعة الدول العربية """"بينما وردت عبارة """" colour lakes """"في نص الإنكليزي لنفس البند وعبارة """"Laques colorantes  """"في النص الفرنسي وترجمتها """"ألوان الك"""" ووصفها شرح البند 32,05 بأنها محضّرات غير قابلة للذوبان في الماء، يتحصل عليها بتثبيت """"fixation """" مواد تلوين طبيعية (حيوانية أو نباتية)أو مواد تلوين عضوية تركيبية (سواء كانت قابلة للذوبان في الماء أم لا)  على حامل غالبا ما يكون معدنياً( فلزياً mineral)"""" (كبريتات الباريوم،كبريتات  الكالسيوم، أوكسيد الألمينيوم، غضار الصين، طلق""""talc ،""""السيليس""""silica،""""تراب المستحاثات السيليسية، كربونات الكلسيوم،الخ(.ونتيجة لما تقدم يمكن وصف الألوان الآنفة الذكر بأنها """"ألوان مثبته على حامل فلزي""""""","32050000",,,"ملاحظة إضافية 2",NULL,NULL,NULL,NULL,NULL,NULL
"59",,,"""وردت عبارة """"بما في ذلك ألوان المينا واللك"""" في نص البند32,08 في """" جدول التعريفة الجمركية المعد وفقا للنظام المتناسق وتعديلاته لعام 1996 من قبل الأمانة العامة الإدارة العامة للشؤون الاقتصادية إدارة المال والتجارة والاستثمار لدى جامعة الدول العربية"""" مقابل عبارة النص الإنكليزي لهذا البند"""" including enamels and lacquers   """"وترجمتها """"بما في ذلك دهانات-المينا واللكر"""" و لا يوجد ما يقابل هذه العبارة في النص الفرنسي لهذا البند وورد في شرح البند الآنف الذكر عبارة( Varnishes (including lacquers"""" عنوانا  للفقرة """"B """"بمعنى أن اللكر هو نوع من أنواع الورنيش يقابلها بالفرنسية كلمة ورنيش""""VERNIS """"فقط ويعرَّف الورنيش بأنه: محضر خالي من البيجمانات يتكّون من مواد رابطة ومذيب مع احتمال وجود ممّددات وإضافات وقد يكون ملّونا ولكن يجب أن تكون المادة الملونة من النوع القابل للذوبان في الوسط الموجودة فيه(في الورنيش) ويكون الورنيش شفافا او نصف  شفاف بينما تتكّون الدهانات من تبّددات مواد تلوين غير قابلة للذوبان (بيجمانات بصورة رئيسة أو ألوان مرسبة """"لك"""") أو بشرة أو مسحوق معدني في وسط حامل يتكّون من مواد رابطة مبددة أو محلولة في مذيب وتكون الدهانات غير شفّافة وعندما يتكّون الوسط الحامل من الورنيش يطلق على الدهانات تسمية دهانات المينا   """"  peinture -email """"بالفرنسية أو """"enamels """"بالإنكليزية وبالتالي فإن المقصود بالعبارة المذكورة أعلاه هو""""دهانات الميناء"""" وليس مجرد """"ألوان المينا"""" ونوع من أنواع الورنيش وهو (اللكر""""lacquers )""""وليس صمغ اللك """"كمليكة"""" (13,01 )أو الألوان المرسبة """"اللك""""( 32,05)أو ورنيش اللك( 32,10).""","32100000",,,"ملاحظة إضافية 3",NULL,NULL,NULL,NULL,NULL,NULL
"6",,,"يطبق الرسم المخفض ضمن الشروط والتحفظات التي تحددها إدارة الجمارك","07135010",,,"ملاحظة إضافية 1",NULL,NULL,NULL,NULL,NULL,NULL
"60",,,"يستوفى رسم انفاق استهلاكي عن مشتملات البنود الرئيسية 33,03 و33,04 و33,05 و33,07 بمعدل 10 % من القيمة المتخذة اساساً لحساب الرسوم الجمركية مضافا إليها الرسوم الجمركية و غيرها من الرسوم (بموجب المرسوم التشريعي رقم 11 لعام015 2)","33030000",,,"ملاحظة إضافية 2",NULL,NULL,NULL,NULL,NULL,NULL
"61",,,"يشمل البند الفرعي 34031900 المحضرات المضادة  للصدأ  علما بأن العنصر الأساسي في هذا المحضر هو اللانولين و ليس الوايت سبريت الذي ليس له سوى صفة المذيب الذي يتبخر بعد الاستعمال وبالتالي وإن توفرت فيه النسبة المطلوبة نص البند27,10 فإنه لا يشكل  العنصر الأساسي في هذا المحضر وهو الشرط الآخر المطلوب لتطبيق البند 27,10، ويبقى مشمولا بالبند 34,03  و يدخل في البند لهذا  الفصل الفرعي 34031900","34031900",,,"ملاحظة إضافية 3",NULL,NULL,NULL,NULL,NULL,NULL
"62",,,"""وردت كلمة """" منشطة """" في نص البند38,18 ترجمة لكلمة """"Doped """"الواردة في نص نفس ا لبند باللغة الإنكليزيةأو""""Dopes """"بالفرنسية  وهذا هو المعنى العام لهذا الفعل ( الحقن بالمنشطات) إلا أن معناه تحديدا في مجال الإلكترونيات وفقا لمعجم لاروس هو: اضافة كميات ضئيلة جدا من الشوائب الى بلورات  أحادية لتحويلها جدا إلى أنصاف نواقل""""أشباه موصلات """" وتعرف هذه العملية في جامعة دمشق """"كلية الهندسة الميكانيكية والكهربائية"""" بعملية """"الاشابة"""" وتكون الاضافة عموما وفقا لشرح البند المذكور بمعدل جزء بالمليون و لا تؤثر هذه الإضافة على وصفها   بأنها محددة الصفات كيماويا  نظراً  لضآلتهابينما تؤدي اضافة الشوائب عن عمد في الحالات الأخرى لجعل العناصر غير محددة  الصفات كيمياوياً  لذلك يطلق على هذه  العناصر التي خضعت للعملية المذكورة في كلية العلوم في جامعة دمشق """" قسم الكيمياء"""" وصف الموسومة (المضاف إليها آثار من عناصر أخرى)، ولا تدخل هذه العناصر في البند 38,18 إلا إذا وردت بالأشكال المذكورة في نص البند المذكور""","38180000",,,"ملاحظة إضافية 2",NULL,NULL,NULL,NULL,NULL,NULL
"63",,,"ورد ذكر الرخام الاصطناعي في البند الفرعي 392051 في مجموعة آراء التصنيف الصادرة عن منظمة الجمارك العالمية وورد وصفه على النحو التالي: الرخام االصطناعي: صفائح مستطيلة، سماكتها 1.27 سم أو 1.91 سم وذات عرض 63.5 سم أو 76.2 سم وبطول 307.3 سم أو 368.3 سم، وهي تتألف بشكل رئيسي من بولي متيل ميتا كريلات (33 % وزناً) وهيدروكسيد الألمنيوم (66 % وزناً).","39205100",,,"ملاحظة إضافية 7",NULL,NULL,NULL,NULL,NULL,NULL
"64",,,"الأشكال الأولية للقوارير: ورد ذكرها في الشروح التفسيرية للنظام المنسق بوصفها منتجات متوسطة ” intermediate products ”إنبوبية الشكل مسدودة من جهة ومفتوحة من جهة أخرى وملولبة الأعناق ليتم إغالقها بسدادات ملولبة (محلزنة) الفوهة، صمم القسم غير الملولب (غير المحلزن) منها ليتمدد لاحقا ويأخذ شكل وحجم قارورة بلاستيكية واعتبرت هذه الحالة كمثال على تطبيق القاعدة التفسيرية العامة للنظام المتناسق رقم 2 (أ) القاضي بمعاملة الأصناف غير الكاملة أو غير تامة الصنع معاملة الأصناف الكاملة أو تامة الصنع عندما تتوفر فيها الصفات الأساسية للصنف الكامل. و بالتالي يجب أن تعامل هذه الأشكال الأولية للقوارير كأصناف تامة الصنع شأنها شأن القوارير المذكورة في البند الفرعي 392330","39233090",,,"ملاحظة إضافية 8",NULL,NULL,NULL,NULL,NULL,NULL
"65",,,"يطبق الرسم المخفض ضمن الشروط والتحفظات التي تحددها إدارة الجمارك.","40117000",,,"ملاحظة إضافية 1",NULL,NULL,NULL,NULL,NULL,NULL
"66",,,"يطبق الرسم المخفض ضمن الشروط والتحفظات التي تحددها إدارة الجمارك.","40121200",,,"ملاحظة إضافية 1",NULL,NULL,NULL,NULL,NULL,NULL
"67",,""" لأغراض البنود 4104 لغاية 4106،يشمل تعبير (كراست""""crust"""" )الصلال والجلود التي أجريت عليها عملية إعادة دباغة أو  تلوين أو إشباع بمحضرات التزييت (""""stuffed""""liquored-fat )قبل التجفيف""","""ورد تفسير كلمة كراستينغ """"crusting """"المذكورة في النص الإنكليزي للبنود 4107 , 4112 , 4113 .في معجم مصطلحات الجلد على النحو التالي: عملية دباغة قد يتم خلالها تهيئة الجلود بعد التجفيف وقبل الترطيب تمهيًدا لمطها أو شدها فوق أطر: # (a tannery operation whereby leather may be conditionned after drying and before sammeying )# وقد أوضحت الملاحظة 2(ب) أن المقصود بها هو الجلود التي جرى عليها إعادة دباغة أو تلوين أو إشباع بمحضرات التزييت أو التشحيم (  """" fat-liquored"""" stuffed )قبل التجفيف. أي أن التجفيف هو شرط لا بد منه لتكتسب الجلود وصف كراست ويفهم من ذلك ان التجفيف  الوارد في النص الفرنسي للبند 4113 إنما يتم بعد إعادة الدباغة أو التلوين أو الإشباع للجلود بمحضرات التزييت أو التشحيم.كما جاء في الإعتبارات العامة للفصل 41 أن المقصود بها هوالجلد الذي جرى تجفيفه بعد الدباغة:# (Leather which has been dried after tanning is known as crust""","41044100",,"ملاحظة  2 (ب )","ملاحظة إضافية 5",NULL,NULL,NULL,NULL,NULL,NULL
"68",,""" لأغراض البنود 4104 لغاية 4106،يشمل تعبير (كراست""""crust"""" )الصلال والجلود التي أجريت عليها عملية إعادة دباغة أو  تلوين أو إشباع بمحضرات التزييت (""""stuffed""""liquored-fat )قبل التجفيف""","""ورد تفسير كلمة كراستينغ """"crusting """"المذكورة في النص الإنكليزي للبنود 4107 , 4112 , 4113 .في معجم مصطلحات الجلد على النحو التالي: عملية دباغة قد يتم خلالها تهيئة الجلود بعد التجفيف وقبل الترطيب تمهيًدا لمطها أو شدها فوق أطر: # (a tannery operation whereby leather may be conditionned after drying and before sammeying )# وقد أوضحت الملاحظة 2(ب) أن المقصود بها هو الجلود التي جرى عليها إعادة دباغة أو تلوين أو إشباع بمحضرات التزييت أو التشحيم (  """" fat-liquored"""" stuffed )قبل التجفيف. أي أن التجفيف هو شرط لا بد منه لتكتسب الجلود وصف كراست ويفهم من ذلك ان التجفيف  الوارد في النص الفرنسي للبند 4113 إنما يتم بعد إعادة الدباغة أو التلوين أو الإشباع للجلود بمحضرات التزييت أو التشحيم.كما جاء في الإعتبارات العامة للفصل 41 أن المقصود بها هوالجلد الذي جرى تجفيفه بعد الدباغة:# (Leather which has been dried after tanning is known as crust""","41044900",,"ملاحظة  2 (ب )","ملاحظة إضافية 5",NULL,NULL,NULL,NULL,NULL,NULL
"69",,,"""إن الجلود المرققة المعروفة بالبارشمان ليست من الجلود المدبوغة إنما تحضر بمعالجات خاصة بقصد تأمين حفظها. ويجري تحضيرها بطريقة الصلال أي بتطريتها (تغطيسها في المياه القلوية لإزالة الأملاح عن الجلود وتليينها) ثم نتفها ونزع اللحم عنها وغسلها وتمديدها على أطر،الخ.ثم تغطيتها بعجينة أساسها أبيض اسبانيا وكربونات الصود أو الكلس المطفأ، ومن ثم يجري كشطها للحصول على السماكة المطلوبة ومعالجتها بحجر الخفان. ويمكن أيضا تجهيزها بواسطة غراء أساسه النشاء والهلام . وتحضر أجود أنواعها، المسماة """" فيلان""""(Velim )أو """"فللوم"""" من جلود العجول الصغيرة، وتحضر أيضاً من جلود الخراف والنعاج وهي نوع جيد من البارشمان . تستعمل هذه الجلود للتجليد وليطبع عليها مستندات هامة ولصنع جلود الطبول.هذا، وتعالج الجلود السميكة """"  الحيوانات الضخمة عادة"""" بطريقة مماثلة وهي تستعمل لصنع بعض التروس وأجزاء الآلات والعدد وحاجات السفر، الخ ""","41071900",,,"ملاحظة إضافية 2",NULL,NULL,NULL,NULL,NULL,NULL
"7",,,""" يقصد بعبارة """"عنب مجفف"""" الواردة في نص البند الفرعي 20.0806 ما يعرف محليا بالزبيب""","08062000",,,"ملاحظة إضافية 4 ",NULL,NULL,NULL,NULL,NULL,NULL
"70",,,"""تشمل الجلود المنعمة """"megisses peaux """" وهي الجلود المعالجة أثناء أو بعد دباغتها بالشب والملح وصفار البيض والطحين أو بمادة الفورمول وذلك بتشريبها بهذه المواد إلعطائها قواماً طريا تستعمل الجلود المنعمة في صناعة القفازات وصناعة الأحذية الفاخرة.""","41071900",,,"ملاحظة إضافية 3",NULL,NULL,NULL,NULL,NULL,NULL
"71",,,"تم ألغاء البنود 41,08 و 41,09  و41.10 و41.11 بموجب تعديل النظام المتناسق لعام 2002","41120000",,,"ملاحظة إضافية 7",NULL,NULL,NULL,NULL,NULL,NULL
"72",,,"""ورد تفسير كلمة كراستينغ """"crusting """"المذكورة في النص الإنكليزي للبنود 4107 , 4112 , 4113 .في معجم مصطلحات الجلد على النحو التالي: عملية دباغة قد يتم خلالها تهيئة الجلود بعد التجفيف وقبل الترطيب تمهيًدا لمطها أو شدها فوق أطر: # (a tannery operation whereby leather may be conditionned after drying and before sammeying )# وقد أوضحت الملاحظة 2(ب) أن المقصود بها هو الجلود التي جرى عليها إعادة دباغة أو تلوين أو إشباع بمحضرات التزييت أو التشحيم (  """" fat-liquored"""" stuffed )قبل التجفيف. أي أن التجفيف هو شرط لا بد منه لتكتسب الجلود وصف كراست ويفهم من ذلك ان التجفيف  الوارد في النص الفرنسي للبند 4113 إنما يتم بعد إعادة الدباغة أو التلوين أو الإشباع للجلود بمحضرات التزييت أو التشحيم.كما جاء في الإعتبارات العامة للفصل 41 أن المقصود بها هوالجلد الذي جرى تجفيفه بعد الدباغة:# Leather which has been dried after tanning is known as crust""","41141000",,,"ملاحظة إضافية 5",NULL,NULL,NULL,NULL,NULL,NULL
"73",,,"""وردت عبارة """"أطواق مثبتة للطبليات"""" في نص البند 44.15 والبند الفرعي 4415.20 من"""" جدول التعريفة الجمركية وفق النظام المتناسق و فق التعديلات 1996 """"الصادر عن """" إدارة المال والتجارة والاستثمار الإدارة العامة للشؤون الاقتصادية الأمانة العامة لجامعة الدول العربية"""" ترجمة لعبارة """"  pallet collars""""و قد وصفها شرح البند المذكور بأنها تتكون من أربع قطع خشبية، تكون نهاياتها مزودة عموما بمفصلات لتشكل إطارا يوضع فوق الطبلية بالذات""","44152000",,,"ملاحظة إضافية 11",NULL,NULL,NULL,NULL,NULL,NULL
"74",,,"""وردت عبارة """"مشاجب ألبسة"""" في البند الفرعي 4421.10 في الجدول المذكور في الفقرة السابقة في حين تبين أن مشاجب الثياب ورد ذكرها في شرح البند 44.20 """"racks coat """"أو بالفرنسية """"portemanteaux """"بينما ورد في نص البند الفرعي 4421.10 باللغة الإنكليزية """"clothes hangers  """"أو """"cintres  بالفرنسية  وتعني كل منها تعاليق الثياب (علاقات الملابس) المعدة للإستعمال لتعليقها هي بالذات داخل الخزن.""","44211000",,,"ملاحظة إضافية 13",NULL,NULL,NULL,NULL,NULL,NULL
"75",,,"""وردت كلمة (مبصوم """"Embossed )""""في نص الملاحظة 8(أ) (1) و 8(أ)(3) و9 وحيثما وردت في بنود هذا الفصل، ويقصد بها: الورق أو الورق المقوى الذي يحتوي على نتوآت أكثر وضوحا يتحصل عليها بعد صنع الورق عادة بضغط صفائح الورق، بحالتها الجافة أو الرطبة، بين أسطوانات أو صفائح من المعدن مزدانة بنقوش محفورة أو بارزة. وتكون أصناف هذا الورق متعِّددة الصفات والمظهر وتشمل على الأخص الورق المطبوع بالضغط بالمعنى الصحيح والورق المحبب تقليدا لبعض أنواع الجلد والورق ذات المظهر النسيجي (وإن استحصل عليه بآلات مجهزة بأسطوانات مكسوة بالنسيج)..إلخ. وهي تصلح لصنع بعض أنواع ورق الكتابة (ورق الكتابة ذو المظهر النسيجي خاصة) وورق الحائط وفي التجليد وكسوة العلب... إلخ ""","48030000",,,"ملاحظة إضافية 4 ",NULL,NULL,NULL,NULL,NULL,NULL
"76",,,""" وردت كلمة تجميل في نص البند 48.03 وفي مواضع أخرى من جدول التعريفة ترجمة لكلمة """" تواليت"""" بينما ورد تفسير هذه الكلمة في المعجم الفرنسي: على أنها مجموع التدابير اللازمة للعناية بنظافة الجسم: """"Toilette:nf.Ensembles des soins de proprete du corps"""" كما وردت كلمة """"مثنية"""" في نص البند المذكور وهي ترجمة لكلمة """"plisses """" وتعني مثنية عدة ثنيات متتالية.""","48030000",,,"ملاحظة إضافية 5",NULL,NULL,NULL,NULL,NULL,NULL
"77",,,"""وردت عبارة """"درجة لمعان"""" في الفقرات أ(ج) و أ(د) و أ(ه) بالنسبة للورق أو الورق المقوى الذي لا يزن المتر المربع منه أكثر من 150 غراما و الفقرات (ب) و(ج) بالنسبة للورق أو الورق المقوى الذي يزن المتر المربع منه أكثر من 150 غراماً المتفرعة عن الملاحظة رقم 4 و يقصد بها:(معدل انعكاس حزمة الضوء الصادرة بالنسبة لتلك الواردة""""  facteur de reflectance"""")   ""","48052400",,,"ملاحظة إضافية 3",NULL,NULL,NULL,NULL,NULL,NULL
"78",,,"""وردت في النص الإنكليزي للبند الفرعي الذي تفرع عنه البندان 4805,24,00 و4805.25.00 عبارة (ألواح تبطين مسترجعة""""recycled liner board"""")""","48052400",,,"ملاحظة إضافية 11",NULL,NULL,NULL,NULL,NULL,NULL
"79",,,"""وردت عبارة """"درجة لمعان"""" في الفقرات أ(ج) و أ(د) و أ(ه) بالنسبة للورق أو الورق المقوى الذي لا يزن المتر المربع منه أكثر من 150 غراما و الفقرات (ب) و(ج) بالنسبة للورق أو الورق المقوى الذي يزن المتر المربع منه أكثر من 150 غراماً المتفرعة عن الملاحظة رقم 4 و يقصد بها:(معدل انعكاس حزمة الضوء الصادرة بالنسبة لتلك الواردة""""  facteur de reflectance"""")   ""","48052500",,,"ملاحظة إضافية 3",NULL,NULL,NULL,NULL,NULL,NULL
"8",,,"""وردت كلمة درّاق في نص البند 0809 كما وردت (دراق """"خوخ"""") في نص البند الفرعي 090830 في """"جدول التعريفة وف َق النظام المنسّق ووفق تعديلات 1996 """"الصادر عن """"إدارة المال والتجارة الإستثمار الإدارة العامة للشؤون الإقتصادية الأمانة العامة لجامعة الدول العربية""""، ترجمة لكلمة """"peaches """"لإنكليزية، ويعرف هذا النوع من الفاكهة في الجمهورية العربية السورية تحت تسمية """"درّاق"""" بينما يعرف هذا النوع من الفاكهة بتسمية """"خوخ"""" في جمهورية مصر العربية أما الدراق أملس القشرة عديم الزغب """"Nectarines ،""""فإنه يشبه . النوع المسمى بالزهري في أسواق الجمهورية العربية السورية إلى أنه أكبر حجما""","08093000",,,"ملاحظة إضافية 2",NULL,NULL,NULL,NULL,NULL,NULL
"80",,,"""وردت في النص الإنكليزي للبند الفرعي الذي تفرع عنه البندان 4805,24,00 و4805.25.00 عبارة (ألواح تبطين مسترجعة""""recycled liner board"""")""","48052500",,,"ملاحظة إضافية 11",NULL,NULL,NULL,NULL,NULL,NULL
"81",,,"""وردت عبارة """"ورق وورق مقوى مكبرت"""" في نص البند 48.06 ويقصد بها""""الورق والورق المقوى المعالج بحامض الكبريت Sulfurises(""""بارشمان نباتي """"Vegetable Parchment """")، كما وردت في النص المذكور عبارة ورق لنقل الرسم ويقصد بها: الورق الشفاف لنقل الرسوم (ورق كالك """"papiers - calques"""")""","48061000",,,"ملاحظة إضافية 6",NULL,NULL,NULL,NULL,NULL,NULL
"82",,,"""وردت عبارة """"ورق وورق مقوى مكبرت"""" في نص البند 48.06 ويقصد بها""""الورق والورق المقوى المعالج بحامض الكبريت Sulfurises(""""بارشمان نباتي """"Vegetable Parchment """")، كما وردت في النص المذكور عبارة ورق لنقل الرسم ويقصد بها: الورق الشفاف لنقل الرسوم (ورق كالك """"papiers - calques"""")""","48063000",,,"ملاحظة إضافية 6",NULL,NULL,NULL,NULL,NULL,NULL
"83",,,"""وردت في النص الفرنسي للبند 48.07 عبارة ( ورق وورق مقوَّ ى مجمَّع مسطَّحا باللصق """"papier et cartons assembles a plat par collage"""").""","48070000",,,"ملاحظة إضافية 12",NULL,NULL,NULL,NULL,NULL,NULL
"84",,,"""وردت عبارة """"درجة لمعان"""" في الفقرات أ(ج) و أ(د) و أ(ه) بالنسبة للورق أو الورق المقوى الذي لا يزن المتر المربع منه أكثر من 150 غراما و الفقرات (ب) و(ج) بالنسبة للورق أو الورق المقوى الذي يزن المتر المربع منه أكثر من 150 غراماً المتفرعة عن الملاحظة رقم 4 و يقصد بها:(معدل انعكاس حزمة الضوء الصادرة بالنسبة لتلك الواردة""""  facteur de reflectance"""")""","48142000",,,"ملاحظة إضافية 3",NULL,NULL,NULL,NULL,NULL,NULL
"85",,,"""وردت عبارة """" بطاقات رسائل """" في نص البند 48.17 و في نص البند الفرعي 4817.20 ويقصد بها (ورق رسائل مصمغ الحواف والزوايا، ومعد ليتخذ شكل ظرف بعد الطي واللصق).""","48172000",,,"ملاحظة إضافية 8",NULL,NULL,NULL,NULL,NULL,NULL
"86",,,"""ورد نص البند الفرعي 4818.10.00 باللغة الإنكليزية """"toilet paper  """"أي """"ورق تواليت (للعناية بالنظافة و المظهر) بينما ورد نص البند باللغة الفرنسية """"papier hygienique  """"أي ورق صحي وهو النص المعتمد في جدول التعريفة الجمركية المعد وفق النظام المنسق وتعديلاته لعام 1996 الصادر عن جامعة الدول العربية، الأمانة العامة، الإدارة العامة للشؤون الاقتصادية، إدارة المال والتجارة والاستثمار"""". ويلاحظ ان مطلع نص البندين 48.03 و48.18 لم يختلف في النسخة الفرنسي لجدول التصنيف حيث ورد فيه ((ورق من الأنواع المستعملة لأوراق التوليت """"العناية بالنظافة والمظهر """"papiers de types utilises pour papiers de toilette """" بينما إختلف نص البندين في النسخة الإنكليزية، حيث ورد مطلع نص البند 48.03 (""""toilet or facial tisuue stock """"ورق للوجه أو التواليت) بينما وردت العبارة في مطلع البند 48.18 ("""" toilet paper and similar paper"""" ورق للتواليت وورق مماثل).""","48181000",,,"ملاحظة إضافية 13",NULL,NULL,NULL,NULL,NULL,NULL
"87",,,"""وردت كلمة """"جرافير"""" في نص البند 49.11 والبند الفرعي 4911.91 في الجدول المشار إليه في الملاحظة الإضافية رقم 2 أعلاه نقلاً عن النص الفرنسي لنفس البند والبند الفرعي في الجدول الصادر عن منظمة الجمارك العالمية باللغة الفرنسية بينما لم ترد هذه الكلمة في نص البند والبند الفرعي في الجدول الصادر عن نفس المنظمة باللغة الإنكليزية، وبما أن الغرافير مستبعد من هذا الفصل بموجب الفقرة (د )من الملاحظة رقم 1   وورد ذكره صراحة في نص بند وبند فرعي من هذا الفصل فقد أوضح شرح البند 97.02 أنه يشمل الصور المطبوعة بالضغط من ألواح محفورة كليا بيد فنان بينما يشمل البند 491191 تلك التي استحصل عليها آلية وألية فوتوغرافية.""","49119100",,,"ملاحظة إضافية 4 ",NULL,NULL,NULL,NULL,NULL,NULL
"88",,,"""إن أقمشة الأورغانزا(أورغاندي """"organdi )""""هي أقمشة قطنية خفيفة جدا من نوع الموسلين موتوجة (رخوة الحبك) مقساة بعوامل تهيئة خاصة:# organdi, n.m Mousselne de coton tres legere et tres claire affermie par un appret special  #كما ورد ذكر الأورغاندي في شرح البند 59.07 كمنتج مستبعد من شمول هذا البند لأن التشريب بعوامل التهيئة المعالج بها بقصد التقسية غير ظاهر للعين المجردة بصرف النظر عن التغيير الحاصل في اللون""","52010000",,,"ملاحظة إضافية 1",NULL,NULL,NULL,NULL,NULL,NULL
"89",,,"""إن أقمشة الأورغانزا(أورغاندي """"organdi )""""هي أقمشة قطنية خفيفة جدا من نوع الموسلين موتوجة (رخوة الحبك) مقساة بعوامل تهيئة خاصة:# organdi, n.m Mousselne de coton tres legere et tres claire affermie par un appret special  #كما ورد ذكر الأورغاندي في شرح البند 59.07 كمنتج مستبعد من شمول هذا البند لأن التشريب بعوامل التهيئة المعالج بها بقصد التقسية غير ظاهر للعين المجردة بصرف النظر عن التغيير الحاصل في اللون""","52114200",,,"ملاحظة إضافية 1",NULL,NULL,NULL,NULL,NULL,NULL
"9",,,"""وردت كلمة درّاق في نص البند 0809 كما وردت (دراق """"خوخ"""") في نص البند الفرعي 090830 في """"جدول التعريفة وف َق النظام المنسّق ووفق تعديلات 1996 """"الصادر عن """"إدارة المال والتجارة الإستثمار الإدارة العامة للشؤون الإقتصادية الأمانة العامة لجامعة الدول العربية""""، ترجمة لكلمة """"peaches """"لإنكليزية، ويعرف هذا النوع من الفاكهة في الجمهورية العربية السورية تحت تسمية """"درّاق"""" بينما يعرف هذا النوع من الفاكهة بتسمية """"خوخ"""" في جمهورية مصر العربية أما الدراق أملس القشرة عديم الزغب """"Nectarines ،""""فإنه يشبه . النوع المسمى بالزهري في أسواق الجمهورية العربية السورية إلى أنه أكبر حجما""","08094000",,,"ملاحظة إضافية 2",NULL,NULL,NULL,NULL,NULL,NULL
"90",,,""" وردت كلمة """"مندوفة"""" في نص البنود 55.03 و 55.04 و 55.06 و 55.07 في الجدول الموحد للتعريفة الجمركية و فق النظام المنسّق، مقابل كلمة """"carded """"الواردة في النص الإنكليزي أو """"carde """"في النص الفرنسي، بينما وردت عبارة """"غزل مسرّح"""" مقابل عبارة """" carded yarn """"في قائمة المصطلحات الفنية المعتمدة في المواصفات السورية، كما وردت عبارة """"يسرّح الصوف"""" ترجمة لفعل """"card """" في معجم المورد طبعة عام ،1994 كما وردت عبارة """"سرّح، مشق (الغزل) """" ترجمة للفعل المذكور في معجم المصطلحات العلمية والفنية والهندسية الطبعة الخامسة عام 1983""","55070000",,,"ملاحظة إضافية 2",NULL,NULL,NULL,NULL,NULL,NULL
"91",,,"""إن خيوط السلسلة """" chainette yarn """"أو الخيوط المصنرة الأنبوبية """"loop wale - yarn """"يكون لها شكل أنبوبي ويتحصل عليها بواسطة أنوال تصنير دائرية، ويبلغ عرضها بعد ضغطها لتتخذ شكلاً  مسطحاً من 1.5 الى 2 ملم وفقا للوصف الوارد في مذكرة إدارة الجمارك السورية رقم 1077 / د / 80 تاريخ 25 / 3 / 1981""","56060000",,,"ملاحظة إضافية 2",NULL,NULL,NULL,NULL,NULL,NULL
"92",,,"""وردت عبارة """"غير ما هو بأوبار أو بألياف مغروزة """" في نص البند 57.02 من جدول التعريفة الجمركية وفق النظام المنسق وفق تعديلات 1996 الصادر عن الأمانة العامة """"الإدارة العامة لشؤون الاقتصادية"""" إدارة المال والاستثمار، في جامعة الدول العربية""""، وذلك ترجمة لعبارتي """"not tufted"""" و """"not flocked"""" ، وتبين من شرح البند 57.03 أن المقصود بكلمة""""tufted """" هو: """"السجاد الزردي أو ذا العفارات المتحصل عليه على آلات خاصة """"machines tufting """"بإدخال خيوط في أرضية مسبقة الصنع (عادة من قماش منسوج أو غير منسوج) وذلك بواسطة مجموعات إبر وإبر معكوفة (كروشيه """"crochets """"أو صنانير""""hooks )""""فتؤلف بذلك زردات، كما يمكن أن تؤلف عفارات من الخيوط إذا كانت الصنانير مزودة بتركيبة قاطعة """". في حامل نسجي كما يوضح شرح البند 57.05 أن المقصود بكلمة """"flocked """"هو: """"السجاد المتحصل عليه بغرز ألياف نسجية عامودياً مطلي بالمطاط أو لدائن... إلخ"""". يتضح من ذلك أن النص الأنف الذكر اقتصر على ذكر الحالة الثانية """" غير ما هو بأوبار أو بألياف مغروزة """" واستبعدها من شموله لتدخل في البند 57.05 حيث ورد ذكرها في شرحه. ولم يشر النص المذكور إلى الحالة الأولى الوارد ذكرها في نفس النص باللغتين الفرنسية والإنكليزية كمنتجات مستبعدة من البند 57.02 وتدخل في البند 57.03 كما لم ترد ترجمة كلمة """"tufted """" في نص البند 57.02 بينما وردت هذه الكلمة في نص نفس البند باللغتين الفرنسية والإنكليزية وتعتبر الضابط المميز بين مشتملات البندين 57.02 و 57,03""","57050000",,,"ملاحظة إضافية 2",NULL,NULL,NULL,NULL,NULL,NULL
"93",,,"""وردت عبارة """"أقمشة منسوجة ذات خمل من اللحمة، غير مقصوصة"""" في نص البند الفرعي 5801.21 و 5801.31 في جدول التعريفة الجمركية وفق النظام المتناسق وفق تعديل1996 الصادر عن الأمانة العامة """"الإدارة العامة للشؤون الاقتصادية """"إدارة المال و الاستثمار،في جامعة الدول العربية"""" وذلك ترجمة لعبارة """"uncut weft pile fabrics """"وهي تعني""""أقمشة خمل اللحمة غير المقصوصة"""" والمهم هو التركيز على أن القص جرى على خيوط اللحمة وليس على القماش وينطبق ذلك أيضا على عبارة """"أقمشة منسوجة ذات خمل من السدى،غير المقصوصة مزردة (إينجيلية) """"الواردة في نص البندين الفرعيين 5801.27 و5801.37 فالقص جرى على خيوط السدى وليس على القماش كما تبين أن كلمة (إينجيلية) هي في الحقيقة (ابينجليه """"epingles)""","58012100",,,"ملاحظة إضافية 1",NULL,NULL,NULL,NULL,NULL,NULL
"94",,,"""وردت عبارة """"أقمشة منسوجة ذات خمل من اللحمة، غير مقصوصة"""" في نص البند الفرعي 5801.21 و 5801.31 في جدول التعريفة الجمركية وفق النظام المتناسق وفق تعديل1996 الصادر عن الأمانة العامة """"الإدارة العامة للشؤون الاقتصادية """"إدارة المال و الاستثمار،في جامعة الدول العربية"""" وذلك ترجمة لعبارة """"uncut weft pile fabrics """"وهي تعني""""أقمشة خمل اللحمة غير المقصوصة"""" والمهم هو التركيز على أن القص جرى على خيوط اللحمة وليس على القماش وينطبق ذلك أيضا على عبارة """"أقمشة منسوجة ذات خمل من السدى،غير المقصوصة مزردة (إينجيلية) """"الواردة في نص البندين الفرعيين 5801.27 و5801.37 فالقص جرى على خيوط السدى وليس على القماش كما تبين أن كلمة (إينجيلية) هي في الحقيقة (ابينجليه """"epingles)""","58013100",,,"ملاحظة إضافية 1",NULL,NULL,NULL,NULL,NULL,NULL
"95",,,"""ورد ت عبارة """"أقمشة ذات أوبار من مواد نسجية"""" في نص البند 58.02 وعبارة """"أقمشة ذات خمل من مواد نسجية"""" في نص البند الفرعي 5802.30 في جدول التعريفة الجمركية وفق النظام المتناسق وفق تعديل 1996 الصادر عن الأمانة العامة """"الإدارة العامة لشؤون الاقتصادية"""" إدارة المال و الاستثمار، في جامعة الدول العربية، وسواء كان ذلك ترجمة لعبارة """" tufted textile fabrics"""" الواردة في نص البند والبند الفرعي المذكورين أعلاه في الجدول النظام المتناسق الصادر عن منظمة الجمارك العالمية باللغة الإنكليزية أو لعبارة """"surfaces textiles touffetees """"الواردة في نص هذين البندين في الجدول الصادر عن الجهة الأنفة الذكر باللغة الفرنسية، فإنه قد تبين من شرح البند 85.02 أن هذه العبارة تعني: الأقمشة المزردة أو ذات عفارات (خمل) المتحصّل عليها بإدخال خيوط في أرضية نسجية مسبقة الصنع (أقمشة منسوجة، أقمشة مصّنرة أو كروشيه، لبّاد، لامنسوجات، ...إلخ)، بواسطة مجموعات من الإبر العادية والإبر المعقوفة (كروشيه )فتؤلف بذلك زردات كما يمكن أن تؤلف عفارات (خمل)( إذا كانت الإبر المعكوفة (صنانير) مزوّ دة بتركيبة قاطعة"""". ّيتضح من ذلك أن ضابط التمييز بين مشتملات البند الفرعي 5802.30 و مثيالتها المذكورة في البنود الفرعية العائدة للبند 58.01 هو طريقة الصنع فالمقصود بوصف""""tufted""""( في البند الفرعي 5802.30) هو إدخال خيوط في أرضية مسبقة الصنع لتشكل زردات أوعفرات (خمل) بينما تصنع الزردات أو العفرات (الخمل) بواسطة خيوط سدى أو لحمة إضافية أثناء مرحلة نسج الأرضية لدى حياكة مشتملات البنود الفرعية العائدة للبند 5801.""","58023000",,,"ملاحظة إضافية 2",NULL,NULL,NULL,NULL,NULL,NULL
"96",,,"عملاً بملاحظات الفصل 59، إن النسج بعقدة غزية الداخلة في البند ،58.03 الأقمشة المنسوجة ضيقة العرض (شرائط) الداخلة في البند  58.06 والضفائر أثواباً وأصناف العقادة والأصناف التزيينية المماثلة الداخلة في البند،58.08 تستبعد من الفصل 58 عندما تكون مشربة الفصول أو مطلية أو مغطاة أو منضدة (عموما 39 أو 40 أو 59) بينما تبقى باقي أصناف هذا الفصل التي تلقت نفس المعالجات داخلة فيه  شريطة أن لا تكون قد اكتسبت صفة المنتجات الداخلة في الفصلين 39 أو .40","58030000",,,"ملاحظة إضافية 3",NULL,NULL,NULL,NULL,NULL,NULL
"97",,,"""ورد في لائحة المقارنة الصادرة عن مجلس التعاون الجمركي لأجل المطابقة بين النظام المتناسق الذي يعرف اختصارا برمز """"HS """"وجدول تبنيد مجلس التعاون الجمركي الذي يعرف اختصارا  برمز"""" CCCN"""" ، رقم البند القديم 12/59 """"CCCN"""" وينص على""""نسج أخر مشربة أو مطلية أو مغطاة """"مقابل البند 5907 """"HS"""" ولم يرد مقابل البند 59.07 """"HS """"رقم البند 59.17 """"CCCN """"الذي استحدث فيه في جدول تعريفة الرسوم الجمركية الصادر في دمشق عام 1989 بند فرعي يقترن برسم %1 ينص على """"النسج واللباد المشمعة أو المنشاة بطلاء أساسه الزيت المعدة لمكافحة الحشرات الطيارة""""  دون التقيد بأحكام الملاحظة خامسا على الفصل التاسع والخمسين من ذلك الجدول التي أوجبت حصر مشتملات البند 59.17 بأنواع النسج  المذكورة فيها على وجه التحديد ولم يرد فيها ذكر هذا النوع من النسج، وكان يجب استحداث هذا البند الفرعي ضمن البند 59.12 """"CCCN """" الذي ينص على""""نسج أخر مشربة أو مطلية أو مغطاة وقد أعيد استحداثه  في البند المقابل له في النظام المتناسق وهو 59.07 """"HS """" وفقا للائحة المطابقة.""","59070000",,,"ملاحظة إضافية 2",NULL,NULL,NULL,NULL,NULL,NULL
"98",,,"""إن المقصود بعبارة """" قفازات بأنواعها"""" المذكورة في البند 62,16: القفازات العادية"""" gants أو gloves"""" ، والقفازات من نوع """" mitains أو  mittens"""" التي لا تغطي سوى السلامة الأولى ( الجزء الأول من الأصابع) والقفازات التي لا تفصل أصابع اليد فيما عدا الإبهام ( oufles أو mitts ) وتعرف هذه الأنواع محلياً بتسمية """" كفوف""""""","62160000",,,"ملاحظة إضافية 3",NULL,NULL,NULL,NULL,NULL,NULL
"99",,,"""ينطبق التعبير """"زجاج بصري"""" على أنواع خاصة من الزجاج مستعملة في صناعة الأجهزة البصرية للتصوير الفوتوغرافيأ ولعلم الفلك أو للرصد )(الفحص المجهري أو المالحة،إلخ) أو للأسلحة (مناظير تحديد الأهداف،إلخ)أو للمختبرات إلخ،أو لصنع عدسات معينة للنظارات المصححة للنظر،ولهذه الأنواع الخاصة المتعددة من الزجاج، شفافية عالية عادة، وقدتكون ذات خواص لامتصاص الضوء و لهذا تكون ملوّنة أو سوداء. و هي صافية متجانسة، بدون فقاعات هوائية أو عروق و لها درجات انكسار وتشتيت الضوء، غير مألوفة في الأنواع الأخر من الزجاج""","70151000",,,"ملاحظة إضافية 2",NULL,NULL,NULL,NULL,NULL,NULL
